driverId,name,ssn,location,certified,wage-plan
10,Jeremiah Washington PhD,099-10-9631,"3741 Jackson Trail Apt. 415
Burnsland, VI 50137",Y,hours
11,Cassandra Fischer,680-02-8161,"USCGC Todd
FPO AE 27417",N,miles
12,Keith Drake,176-09-3973,"253 Michelle Fork
East Lauriemouth, WY 22272",N,hours
13,Jodi Nelson,628-71-4366,"383 Mason Ford Suite 594
New Brandonport, MN 53314",Y,miles
14,Jo Newman,565-40-5718,"455 Patrick Mountains
East Dominique, FM 29467",Y,miles
15,Julie Hensley,621-28-5499,"764 Becky Rest
Lake Yvonne, UT 78194",N,hours
16,Destiny Murphy,430-02-7448,"922 Turner Vista
North Catherinefurt, ND 96739",Y,hours
17,Theresa Rice,381-09-4282,"5605 Acevedo Trail
West Jason, IA 13392",Y,hours
18,Christopher Ryan,085-67-5965,"30515 Susan Overpass Suite 926
Alexandraburgh, OK 44853",Y,miles
19,Paul Perez,235-68-9347,"1979 Crystal Drive Suite 547
Ronaldside, FL 81174",Y,miles
20,Taylor Bell,640-70-3266,"000 Dunn Fields
East Carl, RI 74974",N,miles
21,Anthony Cunningham,730-57-5406,"13280 Wagner Brook Apt. 354
North Patrick, AK 26791",N,hours
22,Kaitlyn Payne,690-75-2921,"08142 Michelle Port
East Sarah, PA 21763",Y,hours
23,Alexander Prince,118-82-4625,"89013 Alejandro Prairie Apt. 626
New Abigail, MH 75109",N,hours
24,Robin House,146-13-9687,"11440 Love Greens
North Angelafort, NC 84558",N,hours
25,Michael Wilson,011-02-0580,"937 Smith Turnpike Apt. 374
Lake Robertstad, FL 08800",Y,miles
26,Thomas Tate,308-49-1126,"91195 Copeland Mill
Teresaberg, WY 19074",Y,hours
27,Dr. Jennifer Riddle,720-88-6738,"2010 Emma Center Apt. 819
Farmermouth, GA 25100",Y,hours
28,Adriana Campbell,644-57-0603,"710 Jacob Unions Apt. 299
New Kristen, FL 32813",N,hours
29,Patrick Navarro,479-82-7500,"845 Tammy Drives
Rodriguezview, OH 68543",Y,miles
30,Laura Webb,324-99-5668,"72955 Kelly Green Suite 995
Debraville, ME 81171",Y,miles
31,Susan Thompson,212-26-5229,"990 Nguyen Pines Suite 589
Port Jeremy, SC 75077",N,hours
32,Nicole Knight,543-02-6616,"4581 Smith Drive
New Courtneyside, RI 90019",N,hours
33,Jon Villa,040-54-5908,"97255 Robert Port
Howellborough, VI 69979",N,miles
34,Jerry Velazquez,062-11-4474,"385 Robbins Neck Suite 605
Stevenland, AK 96332",Y,hours
35,Tara Rodriguez,327-17-0416,"3141 James Lights
East Matthew, VT 53056",Y,miles
36,Tina Thompson,706-93-8021,"371 Blackwell Mount Suite 215
Bryanberg, MT 66475",N,hours
37,Sarah Oliver,659-20-1565,"Unit 2828 Box 0598
DPO AP 47486",N,miles
38,Jasmine Thompson,587-82-1689,"8056 Roberts Common Apt. 381
Alexandriaville, ND 56165",N,miles
39,Nicholas Morales,205-23-0628,"8046 Jennifer Views
East Jennifer, OK 63614",N,hours
40,Joseph Ross,036-96-4082,"76197 Tiffany Glen
Cookhaven, MP 75450",N,hours
41,Miss Felicia Smith,311-38-2092,"0229 Trevor Mountain
New Nancy, GA 75750",Y,hours
42,Lindsey Shaw,079-68-1612,"306 Poole Pike Apt. 354
Johnsonton, HI 01852",N,hours
43,Brittany Black,075-88-8073,"34576 Michelle Lights
Williamtown, VA 35982",Y,miles
44,Paul Miller,471-63-1129,"206 Garner Camp Apt. 101
Cynthiashire, NE 74987",N,hours
45,Daniel Morgan,047-56-7319,"554 Michael Villages
Charlesville, PW 08834",Y,miles
46,Adam Vega,875-05-2383,"781 Ferguson Flats
Katherinestad, IN 71651",N,miles
47,Jamie Kirby,539-15-9413,"26986 Love Harbors Suite 456
Soliston, VA 15042",N,miles
48,Joseph Case,780-86-4629,"349 Phillips Haven Apt. 046
Pattersonfort, IA 54606",Y,miles
49,Krystal Kim,571-33-5919,"141 Stephanie Mill Apt. 165
Patelfort, GU 38445",N,hours
50,Michael Ellison,425-84-6817,"5690 Anne Ports Suite 527
Vegaview, MD 83971",N,miles
51,Walter Lawrence,882-38-8033,"781 Shaw Vista
East Joseph, UT 75141",Y,hours
52,Joseph Espinoza,663-54-6190,"89669 Peterson Extension
Franciscochester, NV 59775",Y,miles
53,Thomas Avery,675-22-9040,"5849 Amanda View Suite 416
South Zacharyland, AS 82659",N,hours
54,Kenneth Watts,044-12-0655,"49138 Scott Fort
Jonesmouth, AZ 44568",N,hours
55,Martin Perez,451-70-9527,"304 Beth Mews
South John, WA 72195",N,miles
56,Andrew Young,761-64-5095,"64715 Nancy Glen
Langshire, DE 08591",N,miles
57,Michelle Baker,315-96-0185,"20083 Phillips Loop Suite 464
Lake Taylorhaven, FM 92700",Y,miles
58,Anna Murphy,892-74-7861,"603 Foster Rapid Suite 567
Port Danielborough, DE 68379",N,miles
59,Tracy Mann DVM,726-82-8391,"791 Walters Ports Suite 245
West Nicole, AZ 06525",Y,hours
60,Rachel Estrada,340-15-3810,"11531 Gray Freeway
New Catherineview, NC 06503",N,hours
61,Shelley Brown,530-10-9202,"8445 Armstrong Pass
Benderport, IA 74559",Y,hours
62,Ronald Chapman,082-86-1911,"8975 Reed Ramp Apt. 340
Haleyburgh, VT 38419",Y,hours
63,Peter Reyes,898-17-9284,"30875 Morris Path
North Mary, AK 56081",Y,miles
64,Mary Greer,528-55-7443,"9836 Green Island Suite 546
South Edward, WA 20028",Y,hours
65,Nathan Wong,596-12-8498,"803 Melinda Springs Apt. 499
East Melissastad, MI 91095",N,miles
66,Gregory Costa,675-63-5189,"507 Connie Mews
Martinezburgh, IA 40015",N,hours
67,Samuel Perez,785-62-5708,"4243 Gray Street
Lake Cameronburgh, LA 80442",Y,hours
68,Courtney Glover,245-81-5349,"41766 William Stream
Meghanmouth, IL 31352",Y,miles
69,Nathan Stone,699-27-9678,"PSC 9757, Box 0483
APO AP 35578",Y,miles
70,Stephanie Rivera,153-64-1929,"USNS Tapia
FPO AP 31784",N,hours
71,Sheila Hudson,545-38-1373,"PSC 1204, Box 8055
APO AE 78520",N,miles
72,Hannah Carlson,558-39-5153,"761 Sarah Plains
Lake Lukeland, IA 30622",Y,miles
73,Paul Nielsen,580-93-7562,"7703 Michael Ridge
East John, ID 48770",N,miles
74,Melanie Stanton,671-78-1826,"7435 Katrina Estate
Georgehaven, ND 76168",Y,miles
75,Lawrence Larsen,107-95-7084,"3317 Nancy Inlet Apt. 681
East Jillland, NM 63491",N,hours
76,Robert Ross,304-45-9797,"USCGC Perkins
FPO AE 34041",N,hours
77,James Case MD,649-74-4517,"51472 Brian Flat
Skinnerstad, CT 75444",Y,hours
78,Carrie Mosley,827-77-1058,"24976 Mccarthy Flat Apt. 140
Jeffreyville, AK 32972",N,miles
79,David Bryant,251-94-4740,"USNV Baldwin
FPO AE 11301",N,hours
80,Brandon Ray,804-14-3040,"51131 Angela Circles Suite 866
Steventon, CT 02254",N,hours
81,Christopher Martinez,723-58-3527,"4216 Smith Highway
Manningville, HI 42135",Y,miles
82,Elijah Jacobs,885-55-2238,"721 Jordan Drive Apt. 443
East Tommy, GA 21159",N,miles
83,Carla Rodriguez,007-91-8481,"61572 Kathleen Roads Suite 444
Lake Justinland, OR 02441",Y,hours
84,David Berry,227-08-8971,"05656 Maria Mountain
North Crystalport, ID 91453",Y,miles
85,Melanie Frazier,140-11-3427,"2724 Brendan Ford Apt. 156
South Courtneyfort, AL 47337",Y,hours
86,Heather Jensen,823-58-1823,"67225 William Court Apt. 418
South Tara, TX 94091",Y,hours
87,Anthony Spears,014-91-0214,"8234 Grant Lake Suite 420
Matthewview, MN 89607",N,hours
88,Timothy Carpenter,008-96-2487,"1159 Perkins Ports
Lawrencechester, VT 63698",Y,miles
89,Ronald Hoover,314-38-4477,"5058 Julie Alley
Valentineshire, MN 12271",Y,hours
90,Jesus Weaver,301-48-4196,"8130 Morgan Pine Apt. 262
Ingramville, NJ 58805",Y,miles
91,Lauren Holder MD,491-38-1542,"7665 Long Corner
South Patricktown, CO 04498",N,hours
92,Danielle Gonzalez,483-46-2490,"725 Carroll Via
New Arielton, AL 68417",N,miles
93,Norma Day,139-73-3540,"Unit 7287 Box 7937
DPO AE 64496",Y,miles
94,Christopher Thompson,298-51-8760,"2960 Richard Dale Apt. 348
South Kenneth, UT 14217",Y,hours
95,Dan Wise,311-10-6577,"04491 Ashley Garden
Brownland, SC 22570",N,hours
96,Mitchell Flores,762-13-1334,"4723 Joseph Junction Apt. 182
North Alexandraburgh, SC 14750",Y,hours
97,Michael Chavez,194-86-8474,"USNS Nelson
FPO AE 35240",Y,miles
98,Christine Garrison,237-51-1069,"0062 Elizabeth Manors Apt. 082
Carterland, WY 52888",Y,miles
99,Aimee Lopez,133-76-6007,"Unit 3029 Box 0811
DPO AA 79086",N,miles
100,Katherine Brown,574-22-1341,"603 Sherry Island Suite 324
New Brenda, NJ 09516",N,hours
101,Kim Jennings,767-09-1855,"781 Tucker Pines Apt. 004
Turnermouth, CO 16903",Y,miles
102,Natalie Marsh,471-79-7345,"037 Fitzgerald Cove Suite 238
Kristenville, WI 29736",Y,miles
103,Diane Joseph,421-77-1492,"020 Kristina Radial
North Michealtown, MH 28415",N,hours
104,Kristina Pearson,068-37-2648,"257 Andrea Valley Apt. 626
Port Kerryshire, AL 61220",N,hours
105,Shannon Stephens,898-83-9399,"9702 Ashley Via Apt. 188
Justinton, MA 11634",N,miles
106,Darryl Burton,025-50-8901,"1960 Davis Ranch
New Cassidyside, MH 48810",N,miles
107,Eric Cobb,439-63-1063,"14269 Ashley Haven Suite 904
Weaverchester, VT 32378",N,miles
108,Jorge Taylor,090-23-7753,"9938 Kimberly Shores
North Juliaton, AK 85736",Y,hours
109,Samuel Torres,055-51-1269,"412 Martinez Spurs Apt. 247
Jillmouth, SD 15489",N,miles
110,Michael Phillips MD,711-11-4906,"347 Reid Mountain Apt. 361
South Danielle, NY 59055",Y,miles
111,Robert Riley,115-84-1605,"68040 Foster Course Apt. 416
North Cindy, CA 07120",N,miles
112,Penny Weaver,401-97-9161,"94090 Dorothy Centers
Stevenside, MI 40395",N,hours
113,Samuel Davies,418-86-2885,"463 West Prairie
West Sarahbury, ID 70276",N,hours
114,Randy Cooper,700-36-1023,"3197 James Park
Andrewtown, SD 17452",Y,miles
115,Erin Kent,038-95-3353,"855 Desiree Via
East Rachel, VA 29448",N,miles
116,Theresa Black,048-05-4914,"Unit 9516 Box 1656
DPO AE 97831",Y,miles
117,Carolyn Foley,245-90-5647,"041 Victor Coves Suite 180
South Ian, TN 59801",N,miles
118,Cody Rogers,091-31-0727,"383 Howard Gardens
Lake Tinaview, NC 93321",N,miles
119,Robert Harmon,765-74-4879,"311 Shirley Glen Apt. 118
New Charlesmouth, UT 69542",N,hours
120,Frances Cooper,607-57-2993,"7644 Cynthia Lights Suite 411
North Patriciabury, NH 78297",Y,hours
121,Kim Potter,800-45-6739,"6586 Alvarado Alley Suite 393
South Danielstad, MO 28665",Y,miles
122,Andrea Stone,879-87-9619,"5791 Stephanie Crossroad Apt. 704
East Amyton, NM 86621",N,miles
123,Stephanie Simmons,660-82-1706,"766 Christopher Ranch
Jasonstad, NV 23239",N,hours
124,Angela Nelson,139-97-9851,"9982 Garcia Manors
Floresstad, UT 16215",Y,hours
125,Amy Mason,127-82-5151,"8817 Patrick Spring
Rochaview, FL 98414",Y,miles
126,Samantha Wilson,625-96-0901,"0802 Reyes Cliffs Apt. 741
South Shawn, DC 16822",Y,miles
127,James Anderson,001-58-1252,"Unit 5891 Box 2964
DPO AP 13445",N,hours
128,Alyssa Miller,094-93-5688,"075 Hayes Bridge
Mackhaven, PA 14891",N,miles
129,Anthony Friedman,355-04-8140,"01088 Alexandra Fall Suite 304
Boltonton, MS 43326",N,miles
130,Steven Smith,448-92-0307,"3566 Chavez Plain
Elliotthaven, IA 02052",Y,hours
131,Angela Porter,767-16-3686,"12566 Bell Trafficway
Joseville, PA 21001",Y,miles
132,Nicholas Whitney,054-96-7556,"PSC 1070, Box 4286
APO AP 90916",Y,hours
133,Kevin Rodriguez,858-03-6592,"9583 Anderson Drives Apt. 528
East Donaldshire, WI 59242",Y,miles
134,Michael Freeman,563-14-0342,"657 Alvarado Causeway
New Victoriabury, ID 11200",N,hours
135,Wendy Avila,094-45-8725,"62442 Barnett Courts
East Warren, IA 16319",N,miles
136,Daniel Burnett,853-85-8387,"44911 Wendy Summit Suite 928
Downsburgh, SD 44487",Y,hours
137,Timothy Garcia,568-13-1283,"2864 Gina Gardens
West Megan, MI 37530",N,miles
138,Diane Gibson,639-16-0575,"PSC 7461, Box 7337
APO AA 59420",Y,miles
139,Derrick Burgess,163-60-8688,"15584 Clay Fords Apt. 493
Port Kevinberg, CT 53352",Y,hours
140,Stephen Perkins,345-89-4675,"9743 Alex Station
Port Robert, OR 93689",N,hours
141,Priscilla Snyder DVM,802-01-6967,"6157 Robinson Lodge
Isabelfurt, AR 35596",Y,hours
142,Michelle Collins,800-11-1373,"13555 Harrison Creek
Smithville, WI 43661",N,miles
143,Kathleen Proctor,562-12-0103,"918 Munoz Cliff Suite 185
Brianhaven, CA 47437",N,hours
144,Kara Cook,212-36-6436,"319 Smith Streets Apt. 706
Smithmouth, NC 39405",N,miles
145,Brett Butler,263-74-7653,"34801 Conrad Roads
Michaelton, MN 73377",Y,hours
146,Justin Peterson,860-73-1651,"871 Samantha Plaza
Bakerport, DE 37716",Y,miles
147,Patricia Crawford,809-05-4108,"USS James
FPO AA 22605",N,hours
148,Hayden Long,807-64-2173,"584 Garrett Island
Thomasmouth, OR 70639",Y,hours
149,Michael Lewis,233-58-5538,"Unit 0176 Box 2546
DPO AP 34859",N,hours
150,Vanessa Quinn,249-91-6200,"9850 Angel Neck
Howardfort, WY 28135",N,miles
151,Courtney Scott,567-37-2525,"69797 Samantha Extensions
Wilsontown, VA 93342",N,hours
152,William Taylor,465-88-3275,"1995 Franklin Throughway Apt. 146
Port Miranda, NC 52255",N,miles
153,Terry Russo,428-47-3086,"0765 Garcia Tunnel Apt. 416
East Maryfurt, OK 61714",Y,miles
154,Kayla Rhodes,181-72-8680,"421 Oneill View Apt. 533
Petersonburgh, IN 15312",N,miles
155,Joseph Henderson,364-63-2982,"6613 Jeffrey Park
North Angelaburgh, LA 07953",Y,miles
156,Tiffany Brown,648-48-0140,"5138 Brandon Glens Apt. 023
West Mollytown, CO 32274",N,hours
157,John Stuart,003-46-4315,"04788 Paul Gateway
South Ricky, VT 94120",N,hours
158,Louis Sherman,174-18-3934,"82805 Hoffman Cliffs
East Aaron, MH 39684",N,hours
159,Gerald Rodriguez,792-30-8780,"PSC 7824, Box 1996
APO AP 28719",N,miles
160,Karen Davis,313-51-1452,"19262 Allison Track Apt. 965
South Brandon, MP 31688",N,miles
161,Frank Curtis,525-71-0300,"494 Laura Ways
Kimberlyshire, FM 74755",N,hours
162,Brandon Williams,674-34-0065,"28051 Shaun Squares
Roberthaven, LA 27244",Y,miles
163,Seth Faulkner DDS,211-02-9702,"0168 Jenkins Plains Suite 913
West Jamesmouth, AZ 70214",N,miles
164,Scott Parsons,073-79-5498,"USNS Coleman
FPO AA 57879",N,hours
165,Jessica Rollins,531-59-4869,"8858 Martin Stream
Danielfurt, NJ 37428",Y,miles
166,Sandra Burns,083-26-3924,"552 Ryan Locks Suite 298
Kylefurt, NM 65164",Y,hours
167,Jennifer Bartlett,487-37-6868,"814 Megan Lodge
East Rebeccaport, AL 64898",N,hours
168,Anthony Hampton,672-81-0799,"902 Mccann Forges Apt. 262
Jensenbury, AK 62992",Y,miles
169,Anthony Jones,675-45-0672,"97156 Leonard Greens
East Karen, WV 72140",Y,miles
170,Kayla Porter,518-47-2057,"17449 Petersen Street
Kimberlyfort, CA 07807",Y,miles
171,David Gilbert,193-67-3426,"57105 Simmons Pines
Carrland, DE 20804",Y,miles
172,Maria Campbell,282-61-7089,"5499 Jones Underpass Suite 842
Lake Heidi, DC 70407",N,miles
173,Jessica Pollard,044-98-6167,"2155 Patterson Burg
Johnshire, NH 07951",Y,miles
174,Cameron Carlson MD,408-63-2356,"306 Patricia Curve Suite 621
Lake Latoyafort, VA 15079",Y,miles
175,Laurie Adams,339-73-3170,"5095 Michael Dam Apt. 950
Port Sandrahaven, MI 44588",Y,miles
176,Jodi Walker,728-29-6939,"055 Castillo Parkways
Port Susan, VA 66950",N,miles
177,Derrick Allen Jr.,855-84-5337,"6753 Tina Ways Suite 645
Lake Josephmouth, NV 16046",N,hours
178,David Wright,632-20-4117,"50149 Manning Neck Suite 112
Davidland, RI 24004",N,miles
179,Sean Blake,810-31-0432,"39904 Susan Harbor Suite 342
New Oscar, NM 95855",Y,hours
180,Erin Wagner,425-83-5350,"PSC 2706, Box 7710
APO AP 35616",Y,hours
181,Julia Davis,689-46-6960,"408 Veronica Inlet Apt. 637
Stevenmouth, PW 49621",Y,hours
182,Sandra Wilkerson,628-86-9327,"304 Smith Common
Ashleyview, SD 49916",N,hours
183,Anthony Walters,637-17-0931,"261 Amanda Path Apt. 360
Amandahaven, AL 17513",Y,hours
184,Daniel Campbell,704-87-2828,"866 Lee Fords Suite 809
Loritown, TX 39629",Y,miles
185,Debra Young,225-20-8108,"3750 Fox Mills
New Sophia, VA 72271",Y,hours
186,Francisco Hubbard,867-75-6038,"6482 Christie Crossing Apt. 877
West Angelafort, PR 58448",Y,hours
187,Barbara Jones,812-33-7395,"347 Casey Shore Apt. 056
North Melvin, MS 93744",Y,hours
188,Troy Davis,776-04-8193,"USS Lewis
FPO AP 72255",N,hours
189,Michele Liu,614-46-6084,"0861 Maria Plaza Apt. 958
Port Curtis, NM 64761",N,hours
190,Haley Miller MD,606-78-8383,"160 Carey Villages
Brownfort, MH 27895",N,hours
191,William Beard,365-31-6602,"14867 Fisher River Suite 620
South Shawn, IN 85781",Y,miles
192,Jennifer Bowen,321-04-4342,"USNV Nielsen
FPO AP 11716",N,miles
193,Mr. Erik Summers MD,172-89-3518,"2246 Caroline Court Suite 577
Velasqueztown, MT 96804",Y,miles
194,Dr. Jill Sparks DDS,307-27-1936,"3031 Jessica Fords Suite 111
Sandersside, NE 35134",Y,hours
195,Anthony Henderson,608-82-1331,"836 Brian Well
Normanshire, NJ 96619",Y,miles
196,William Hernandez,587-15-5407,"0060 Nichole Flats Suite 803
Alvaradostad, NC 90923",Y,hours
197,Sharon Thompson,843-28-7314,"82846 Julia Extension Suite 796
Samuelmouth, WI 29144",N,hours
198,Ashley Harris,060-54-3450,"506 Harris Flat
Woodardfort, PA 33967",Y,miles
199,Chad Sanders,287-57-6292,"28109 Kyle Mountains Apt. 662
North Andrew, IA 60621",N,miles
200,Tyler Figueroa,864-19-3406,"0060 Lawson Turnpike
Dianaberg, WA 53980",Y,miles
201,Richard Gordon,509-99-5400,"02985 Jeanne Mission
Fisherborough, MA 83783",Y,hours
202,Luke Graham,583-01-7802,"9325 Barnett Garden Suite 253
Riceton, AS 77396",Y,miles
203,Peter Phillips,787-58-6676,"0393 Knight Field
Maybury, RI 90201",Y,miles
204,Dennis Gonzalez,785-67-6133,"674 Bailey Road
Herreraport, WA 26501",Y,hours
205,Jennifer Hopkins,382-64-0464,"68130 Elizabeth Village Suite 963
East Timothytown, VI 46180",N,miles
206,Clayton Hubbard,154-80-3274,"Unit 4836 Box 7609
DPO AE 34749",Y,hours
207,Denise Combs,281-79-5731,"07917 David Run Apt. 779
Lake Pamelaview, ND 96772",Y,hours
208,Jasmine Orr,372-60-3364,"758 Sherry Squares
South Megan, IL 99026",Y,hours
209,Christopher Tucker,052-04-2383,"554 Ramirez Squares
New Toddchester, FM 78209",Y,miles
210,Kristen Byrd,438-36-9749,"61884 Lewis Grove Apt. 823
South Edwardberg, PW 69844",N,miles
211,Amy Barr,468-21-6644,"3321 Nicholas Points
New John, VI 79628",Y,miles
212,Jeffrey Mercer,245-36-5314,"473 Nathaniel Mall
Jeffersonfort, NH 38710",Y,hours
213,William Bennett,608-82-7638,"07316 Mann Course
North Henry, MA 31074",N,hours
214,Scott Bryant,190-92-4284,"20369 Joshua Cliffs
Lake Melissafort, AR 55858",Y,hours
215,Frank Daniels,464-41-1271,"PSC 0126, Box 1859
APO AP 07674",Y,hours
216,Richard Hernandez,797-17-8899,"14094 Christian Trail Suite 306
Ashleyshire, CA 58609",N,hours
217,Kimberly Robinson,315-97-3914,"PSC 1077, Box 0639
APO AP 25431",Y,hours
218,Matthew Erickson,173-84-2409,"PSC 0550, Box 4821
APO AE 87085",N,hours
219,Katelyn Tucker,168-36-9202,"6220 Shaw Causeway
Rosechester, MI 64390",Y,hours
220,Steven Zimmerman,152-40-9821,"1658 Neal Summit Suite 883
Woodardview, ID 27544",Y,hours
221,Jonathan Koch,387-98-3848,"40094 Stephenson Lakes Apt. 017
Tommymouth, NJ 25892",N,miles
222,Michaela Brown,481-83-7343,"Unit 4795 Box 8446
DPO AE 79368",Y,miles
223,Sandra Bautista,734-12-0635,"085 Christopher Point Apt. 966
New Danielshire, MS 24852",N,miles
224,Adam Thompson,126-48-1632,"5878 Hernandez Plaza
Lucasbury, CO 59350",Y,hours
225,Monique Ibarra,784-52-5931,"4466 Steve Fort
Jacksonburgh, OH 84150",N,hours
226,Christopher Clark,283-73-1044,"48036 Taylor Forks Apt. 983
East Michaeltown, MS 79820",N,hours
227,Melanie Wright,566-52-4428,"PSC 3841, Box 7245
APO AE 22500",Y,hours
228,Brittany Reynolds,172-88-9958,"USCGC Brown
FPO AE 02984",N,miles
229,Michael Estes,640-87-7118,"7380 Tina Lock Suite 920
Buchananstad, NJ 63143",N,hours
230,Jennifer Armstrong,547-83-5692,"839 Sarah Pike Suite 614
Myersville, ID 98612",N,hours
231,Erica Johnson,485-87-5370,"USNV Taylor
FPO AA 51062",Y,hours
232,Monique Reid,676-83-8460,"1921 Moore Corner
Jesusburgh, ND 60804",N,miles
233,Douglas Martin,691-55-7267,"Unit 1280 Box 6159
DPO AP 60218",Y,hours
234,Andrew Rubio,741-01-5639,"03954 Bauer Greens
Guerraburgh, HI 92427",N,miles
235,Brittany Jensen,690-29-4033,"7057 Romero Bypass Suite 426
Port Edgarburgh, NY 03532",N,miles
236,Jesse Bennett,586-47-9268,"21262 Erica Throughway
Lake Danielside, PR 02514",Y,miles
237,Rachel Green,512-47-7568,"05400 Ferguson Island
Pamelashire, TX 77768",Y,miles
238,Rick Pena,416-96-8773,"91061 Jennifer Throughway
Laurafort, AS 80797",N,miles
239,Manuel Krause,587-31-2349,"56761 Warren Plain Apt. 513
Port Karenfurt, CT 15382",N,hours
240,Deborah Torres,612-36-7745,"235 Fitzpatrick Ways Suite 303
Larsonshire, OK 53598",Y,miles
241,Gregory Gonzalez,161-89-2144,"27176 Clements Point Apt. 567
South Jordanville, OK 30284",N,hours
242,Sandra Payne,394-57-0258,"5177 Bates Forks
Marquezstad, VT 13854",N,miles
243,Robert Hansen,326-98-8804,"43055 Jennifer Alley
New Kyle, ND 68403",Y,miles
244,Marie Atkinson,470-76-7052,"3971 Walter Views Suite 905
Atkinsland, PW 25616",Y,hours
245,Gary Johnson,060-08-3847,"3351 Courtney Route Suite 299
North Christopher, CO 51674",N,miles
246,Leslie Blair,846-72-1385,"219 Brown Ranch Suite 793
Justinshire, HI 56352",Y,miles
247,Robert Dickson,796-06-8145,"18604 Ashley Prairie
Davidport, TX 36185",N,hours
248,Joshua Nash,312-26-1289,"155 Fletcher Road
West Steven, MP 74169",Y,hours
249,Robert Wright,699-31-8545,"038 Chapman Springs
Lake Rachel, HI 11717",N,miles
250,Tammy Alvarado,844-38-7476,"61935 White Wells
Lake Dana, WY 32665",N,miles
251,Brenda Baker,726-52-2169,"726 Michael Points Suite 172
Port Jamie, NJ 61781",N,hours
252,Anthony Miller,536-32-3705,"3352 John Mill
Ariashaven, KS 40374",N,hours
253,Hailey Jones,127-73-8202,"9195 Brown Oval
Port Lisafurt, AR 95824",N,hours
254,Samuel Washington,750-53-2055,"713 Mcdonald Center
Ramoshaven, PR 13868",Y,miles
255,Travis Horn,402-16-0116,"948 Baxter Bridge
Robinsonshire, NY 79972",N,miles
256,Kristy Brown,536-76-9263,"49378 Amanda Key Suite 219
New Jackside, MI 44758",Y,hours
257,Alexandra Newman,770-29-3760,"7071 Jeffrey Way
Harrisonview, VI 44676",Y,miles
258,Jay Watts,692-42-0252,"207 Wyatt Oval Apt. 179
Kyleport, TX 68386",N,miles
259,Ashley Thomas,564-42-8421,"719 Gina Shore Apt. 817
Sandraburgh, OK 17387",Y,miles
260,David Adkins DDS,583-74-4126,"2378 Howard Stream Suite 654
Mikeburgh, KY 48703",N,hours
261,Tiffany Solomon,326-09-9769,"7788 Gonzalez Station
West Abigailborough, NJ 13139",Y,hours
262,Matthew Hughes,260-64-2810,"236 Green Meadows Apt. 584
Rojasborough, IL 50965",N,miles
263,Shaun Clark,310-39-4065,"24919 Tucker Loop
Craigmouth, GA 38214",Y,hours
264,Patty Weiss,546-84-1450,"3864 Robert Field
Bradyfort, OH 11675",Y,miles
265,Stephanie Trevino,055-13-0592,"325 Christopher Light
Danielhaven, LA 81954",N,hours
266,Alan Simmons,572-28-3040,"459 Jeremy Well Suite 477
Krystalland, LA 52373",N,miles
267,Emily Silva,197-87-4291,"501 Morgan Overpass
Nguyenhaven, CO 73794",Y,hours
268,Robert Martin,595-49-0117,"563 David Inlet Suite 159
New Angelaborough, WI 05491",N,miles
269,Michael Jones,359-42-0897,"10895 Timothy Inlet Apt. 690
Port Samantha, WA 27307",N,miles
270,Joseph Aguilar,230-55-1378,"965 Cline Fields
North Veronica, PA 75004",Y,miles
271,Melissa Mullins,768-34-2209,"7249 Susan Freeway
Jenniferchester, MA 83832",N,miles
272,Lydia Benson,472-54-0330,"86513 West Extensions
West Keithfort, KY 37235",N,miles
273,Robert Guzman,210-71-6195,"4979 Jim Court Apt. 247
Johnview, ID 98889",N,miles
274,Matthew Romero,269-29-3944,"02795 Mcdonald Overpass Suite 216
Joseberg, WY 10717",N,miles
275,Ann Casey,386-11-4342,"015 Coleman Path
Wilsonside, MO 72298",N,miles
276,Jacqueline Smith,083-20-5412,"440 Joseph Isle
Mosleymouth, AS 55039",N,miles
277,Ryan Hartman,686-12-3919,"697 Scott Lights
Patrickhaven, KS 07449",Y,miles
278,Sandra Small,829-69-5303,"PSC 2645, Box 8271
APO AP 93903",Y,miles
279,Brandon Anderson,486-79-9948,"164 Gibbs Cliffs
Blevinsmouth, KY 64704",Y,hours
280,Tom Baxter,392-05-1740,"409 Carr Village Apt. 274
Lauratown, ND 57069",N,miles
281,Hector Combs,233-91-6163,"95545 Thornton Summit Suite 512
New Scott, SC 71429",Y,hours
282,Brandon Mclean,141-67-6465,"USNS Koch
FPO AE 12955",Y,miles
283,Brian Morales,351-40-5145,"PSC 7522, Box 7854
APO AP 06417",N,miles
284,Richard Atkinson,860-76-0593,"1627 Williams Plaza Suite 384
Pricebury, IN 66826",N,miles
285,Yvonne Torres,110-25-9816,"922 Reese Shores Apt. 784
West Tina, PW 24424",N,miles
286,James Cooper,280-23-4687,"07926 Obrien Knolls Apt. 166
Lake Tracyfurt, ME 86306",N,hours
287,Donald Richard,650-45-3298,"7161 Hawkins Groves Apt. 490
Matthewberg, UT 23852",Y,hours
288,Jackson Lambert,329-52-6763,"40209 Poole Fort
South Franklin, NH 85410",Y,hours
289,Sarah Kramer,026-99-6192,"45367 Amanda Dale Apt. 077
Andersonside, NY 56030",Y,miles
290,Carrie Martinez,027-17-6903,"4368 Simpson Coves
Gonzalezbury, GU 47358",Y,hours
291,Thomas Martinez,149-06-3238,"191 Matthew Crest Apt. 894
Teresaside, HI 26107",N,miles
292,Paul Lee MD,007-45-9505,"4560 Parker Shores
North Sarahville, MH 20040",N,miles
293,William Wilson,337-66-2583,"965 Barnes Parks
Phamtown, IL 25437",N,miles
294,Kevin Eaton,778-66-2017,"Unit 3353 Box 6553
DPO AP 40869",Y,miles
295,Robert Turner,017-65-6735,"0277 Smith Corners
Audreyborough, AR 06982",Y,hours
296,Abigail Lewis,362-91-4161,"53738 Kenneth Courts Apt. 260
Port Carlos, NM 87172",Y,miles
297,Bradley Evans,269-47-0773,"98083 Fuentes Square
Pamelaville, LA 72028",N,miles
298,Christian Woodard,571-29-6474,"29199 Brennan Brook Apt. 546
Brownborough, HI 83193",N,hours
299,Scott Mckenzie,409-30-4996,"79115 Green Glens Suite 624
West Wandashire, LA 09089",N,hours
300,Ashley Davidson,156-48-1304,"32151 Richard Knolls Apt. 767
Thompsonburgh, AS 27049",N,miles
301,Timothy Cooper,389-05-9889,"515 Chan Burg Apt. 304
Gregoryberg, MH 12065",N,hours
302,Christina Pugh,348-46-6372,"56344 Christina Mountain Suite 344
West Anna, NC 29797",Y,miles
303,John Hawkins,581-65-2760,"Unit 5584 Box 0270
DPO AP 54092",N,hours
304,Daniel Sellers,281-31-6344,"5536 Baxter Groves
South Stephenborough, MN 14000",Y,miles
305,Travis Harris,841-04-3792,"1257 Johnson Forge
South Laurahaven, DE 73031",Y,miles
306,Sara Brooks,147-73-5279,"17987 Booker Unions Apt. 075
Port Samantha, WI 55105",Y,miles
307,Brian Steele,884-59-9772,"40931 Janet Ferry
Jaclynton, MP 00767",Y,hours
308,Randy Duncan,366-88-7535,"8780 Dawn Stravenue
South Wendy, SD 38927",N,miles
309,Julie Arroyo,188-49-3307,"934 Kirby Inlet Suite 614
Franklintown, WV 65091",N,miles
310,Steven Powell,120-35-4473,"078 Austin Causeway
North Catherineport, AR 06796",N,hours
311,Karen Lindsey,866-66-7299,"PSC 0738, Box 2385
APO AE 67853",Y,miles
312,Catherine Duncan,723-27-6983,"869 Johnathan Garden
Brownfurt, RI 17806",Y,hours
313,Edward Johnson,867-10-3130,"150 Petersen Center
Garciaton, CT 81515",Y,miles
314,Shawn Barnes,489-80-1344,"123 James Ford Suite 785
Baileyberg, NH 79775",Y,hours
315,Bryan Mcgee,571-29-6887,"389 Jamie Parks Suite 496
South Anthony, ID 18694",N,miles
316,Roy Stephens,046-28-4049,"2082 Jay Knoll Suite 765
New Cynthiaville, MT 69739",N,hours
317,Dawn Johnson,155-33-7877,"68738 Lambert Motorway Suite 868
New Ryantown, NH 11102",N,hours
318,Jesse Walker,829-02-1725,"886 Baker Fort Apt. 644
South Nathaniel, AK 76474",Y,hours
319,Cheryl Johnson,804-33-3912,"838 Hernandez Dam Apt. 502
Johnsonhaven, AK 38212",Y,hours
320,Amber Campbell,049-17-0045,"7718 Bryan Junction
West Lauraburgh, AL 14998",N,miles
321,Laura Bell,204-18-8097,"611 Veronica Pike
Edwardsmouth, CT 10772",Y,miles
322,Mary Smith,839-40-3022,"3642 Ramirez Bypass
East Todd, OH 33306",N,hours
323,James Thompson,388-64-1786,"USS Sanchez
FPO AP 52810",Y,miles
324,Colleen Colon,594-66-6005,"39233 Rosales Ford Suite 126
East Samanthaton, AR 06841",Y,miles
325,Kristen Baldwin,456-95-6400,"21119 Murray Villages
New Sarahbury, ME 20870",Y,miles
326,Tiffany Johnson,497-38-7867,"87145 Moody Keys Suite 387
Kennedyshire, CT 52534",N,miles
327,Sherry Johnson,255-52-1828,"4600 Ryan Estate
North Mark, NY 61199",Y,hours
328,Jennifer Velazquez,209-37-6620,"95373 Christopher Springs Apt. 319
Port Gabriela, NC 40414",N,hours
329,Kimberly Carpenter,225-87-3415,"68499 Kennedy Turnpike
New Kyle, OR 01147",Y,miles
330,Ryan Morgan,214-13-2064,"PSC 3095, Box 1564
APO AP 86354",N,hours
331,Robin Carroll,503-95-6365,"415 Morton Brooks
Mooretown, NJ 71880",N,miles
332,Natalie White,552-47-1791,"5763 Mary Lodge Apt. 292
Nicolemouth, NM 34750",N,hours
333,Michael Jimenez,844-48-0659,"910 Monica Lock
South Sabrina, NM 94858",N,miles
334,Emily Stewart,653-20-5397,"2672 Baxter Light
Lynchbury, MH 02207",Y,hours
335,Crystal Perez,774-63-2792,"826 Saunders Hills Apt. 628
Deborahfort, MA 34068",Y,hours
336,Joshua Munoz,366-04-1242,"PSC 2967, Box 7890
APO AE 29950",N,miles
337,Jared Wade,631-38-9469,"8459 Schneider Loop Apt. 793
Lake Gabriel, ME 09767",N,hours
338,Lisa George,624-27-5511,"7215 Bishop Mount
Lake Cheryl, GA 42295",Y,hours
339,Kristen Floyd,183-84-4713,"Unit 2164 Box 1879
DPO AP 54645",N,hours
340,Christopher Salinas,149-05-5211,"5343 Brenda Mission
Meganport, MI 27716",N,hours
341,Jeffrey Mills,099-05-5551,"7773 Erica Lights
Josehaven, CA 40111",N,hours
342,Hannah Mcgee,213-06-2523,"3877 Michelle Flat Suite 155
Lake Jeffreyfort, OH 53474",N,hours
343,Jose Cunningham,500-56-5278,"532 Neil Mills
Marychester, MS 28609",Y,hours
344,Jerry Noble,224-08-7951,"36402 Gregory Club
Toddville, SC 25978",N,miles
345,Jason Whitaker,261-71-8323,"351 Hardy Rapid
Jessicamouth, VI 85958",N,miles
346,Shannon Logan,121-67-6718,"22747 Carson Overpass
Port Kendra, ND 32098",N,miles
347,Deanna Johnson,022-81-0494,"9581 Lee Overpass Apt. 238
New James, MP 31990",Y,hours
348,April Martin,507-03-6592,"43324 Kristina Ramp Apt. 373
Stevensside, MT 15114",N,hours
349,Geoffrey Jimenez,423-90-1563,"551 Sanders Street
Dyerburgh, NC 17958",Y,miles
350,Keith Williams,892-47-3489,"22451 William Extensions
East Misty, ID 93963",Y,hours
351,Phillip Raymond,713-67-9462,"49046 Reynolds Parkways
North Faithchester, WI 91416",Y,hours
352,Scott Phelps,521-05-3358,"401 Carol Key
Jordanstad, TN 36980",N,miles
353,Andrew Mcintyre Jr.,119-40-2569,"39259 Young Parks
Port Maria, VT 86803",Y,hours
354,Michael Schroeder,582-19-4035,"62137 John Camp
North Elizabeth, WA 27860",N,miles
355,David Moore,165-94-8883,"591 Moss Place
Port Sarahton, LA 47883",N,miles
356,Rhonda Johnson,217-98-7400,"79605 Regina Park Suite 277
West Nicholas, MS 71666",Y,miles
357,Alyssa Pearson,163-44-7921,"8726 King Trail
Justinshire, VA 32565",N,hours
358,Harry Contreras,658-11-1329,"38779 David Course
Lake David, AZ 27637",Y,hours
359,Sean Jacobs,795-05-5372,"USS Crosby
FPO AA 85061",N,miles
360,Ariel Acosta,628-39-1635,"9272 Mitchell Burgs
Glovermouth, ID 89183",N,miles
361,Carla Neal,686-48-6235,"3715 Jennings Circles Suite 317
South Ronnie, AL 83755",N,miles
362,Ryan Bowman,670-59-6774,"9338 Gomez Hill Suite 880
Lake Johnview, VI 81068",N,hours
363,Wendy Palmer,704-99-8845,"7024 Black Station Apt. 505
Jillland, PW 29832",N,miles
364,Mary Nunez,278-43-7086,"3026 Timothy Valley Suite 847
Washingtonfurt, ID 74705",Y,hours
365,Bryan Odom,095-08-3100,"611 Braun Plains
Watsonbury, CT 28706",Y,miles
366,Danny Payne,367-54-5330,"USNS Hernandez
FPO AA 22588",N,miles
367,Natalie Hicks,103-63-4988,"986 Heather Haven
Lake Jessica, AZ 12807",Y,miles
368,Donald Brooks,831-84-1708,"3313 Ross Forks
West Carly, VI 01757",N,miles
369,Jack Leblanc,434-77-7657,"6371 Stacy Port Apt. 689
Samuelhaven, AL 44436",N,hours
370,Kevin Kramer,113-43-2714,"613 Brandon Branch
South Jeremy, WV 13302",Y,miles
371,Crystal Williams,852-70-5098,"28671 Joyce Drives Suite 037
Danaside, AS 56165",Y,hours
372,Keith Reyes,268-62-5782,"885 David Harbors Apt. 421
Pamelamouth, SD 73669",N,hours
373,Theodore Johnson,181-76-4294,"Unit 1878 Box 1842
DPO AE 97981",Y,hours
374,Carrie Holmes,083-43-2738,"Unit 0537 Box 2870
DPO AA 24197",Y,miles
375,Natalie Velazquez,368-74-2622,"0636 Cody Skyway Apt. 216
Ochoaton, CO 76899",Y,hours
376,Brian Wood,862-73-8921,"6707 Frank Mountains
Elizabethburgh, OK 70771",Y,hours
377,Jessica Hernandez,471-23-5510,"076 Kevin Manors
North Amanda, AZ 95637",Y,hours
378,Amber Rodgers,241-69-6751,"765 Martinez Parkways Apt. 697
East Ryanhaven, MA 17832",N,miles
379,Sean Miller,882-05-8697,"8912 Garcia Port Suite 528
Fosterberg, WA 36678",N,hours
380,Amy Cox,437-65-1490,"17105 George Key Suite 744
West Heatherberg, KS 13226",Y,miles
381,Kimberly Romero,385-28-9970,"34272 Karen Shoals
New Gabriel, NC 91483",N,hours
382,Erin Newton,074-97-3610,"0032 Pacheco Harbors
Rosstown, NY 04251",N,miles
383,Rachel Gonzalez,731-90-8812,"358 Crawford Plains
Annemouth, LA 97860",N,miles
384,Christopher Cruz,673-27-5302,"35258 Roy Valley Apt. 053
Hartport, UT 58096",N,hours
385,Daniel Mcdonald,664-70-6473,"21892 Stephen Course
West Anthonyhaven, LA 43294",Y,hours
386,Anthony Lopez,880-20-1737,"4481 Meyer Alley Suite 461
North Travismouth, IN 44525",Y,hours
387,Travis Brown,233-53-9273,"024 Deborah Forge
Lake Sandra, PW 33591",Y,hours
388,Alisha Nash,545-53-4726,"96223 James Terrace
Scottberg, VT 04313",N,miles
389,Travis Yang,063-91-1242,"37232 Chapman Underpass
South Danielle, KS 17457",Y,hours
390,Joshua Young,133-24-0007,"Unit 8678 Box 1450
DPO AP 98076",N,hours
391,Tamara Garza,328-76-2668,"8020 Smith Underpass
Brandonbury, DE 65084",Y,miles
392,Janice Austin,070-24-9438,"49562 Simpson Wall Apt. 415
East Michaelstad, LA 54136",Y,miles
393,Dana Henson,834-46-2879,"2002 Sharon Meadow
West Andrea, TX 04080",N,hours
394,John Jones,253-83-0336,"1670 Chambers Wells Suite 899
Clarkchester, AS 95813",N,hours
395,Melissa Young,405-83-8063,"436 Kelly Mount Suite 827
Garciaport, MS 91635",N,miles
396,Emily Mercer,684-48-7607,"971 Hansen Village Apt. 287
Taylorview, PA 08397",Y,hours
397,Linda Black,149-21-6269,"90716 Brittany Parkways
West Manuel, MH 48065",Y,miles
398,Brenda Becker,726-96-6321,"109 Flowers Roads
Wangton, HI 71762",N,hours
399,Nicholas Ramirez,181-33-5120,"77463 Tyler Meadows Suite 486
Marytown, UT 78930",Y,miles
400,Eric Jones,842-51-5906,"34805 Emily Tunnel
Adkinsshire, AZ 97704",Y,miles
401,Vanessa Ramirez,613-08-4429,"6077 Reyes Estates
Port Lindaland, MN 85715",N,hours
402,Jacqueline Contreras,019-60-3708,"113 Charles Alley
Rogersside, DE 91840",N,hours
403,Emily Taylor,889-53-1978,"61275 Susan Course
Courtneyberg, VA 63926",N,hours
404,Austin Gates,667-43-2439,"53254 Ryan Trail
Waltersmouth, VT 40480",N,miles
405,Virginia Smith,506-16-3602,"USS Taylor
FPO AA 83278",N,miles
406,Christina Olson,419-54-0736,"23230 Joshua Summit
Perryville, PA 19893",Y,miles
407,Christopher Gibbs,678-57-3920,"9186 Mindy Greens Suite 150
Port Brittanybury, CA 52768",Y,miles
408,Timothy Long,219-74-9943,"14930 Steven Path
Hallborough, NC 11613",Y,hours
409,Lydia Li,509-83-1236,"12902 Le Pine
New Katherineside, WY 86670",Y,hours
410,Angela Carlson,886-43-0331,"4836 Huang Viaduct
Raymondview, AS 41675",Y,miles
411,Joseph Wilson,633-60-7674,"2637 Charles Squares
Parkerville, GU 07771",N,hours
412,Hannah Peterson,669-25-9372,"PSC 2365, Box 6641
APO AE 94281",Y,hours
413,John Molina,176-88-5859,"1653 Young Viaduct Suite 957
Thomaston, VA 14046",N,miles
414,Debra Fisher,351-11-0285,"97785 Wallace Bridge Suite 487
Allisontown, CA 91078",N,hours
415,Austin Li,414-97-6861,"78368 Lawrence View
Michaelshire, NC 58246",N,hours
416,Samantha Gentry,367-14-3496,"09270 Juan Courts
Meyerstad, SC 77763",N,hours
417,Lisa Kirk,237-07-6050,"293 Brad Glens Suite 023
Port Jenny, WV 69920",Y,miles
418,Patricia Taylor,679-97-8789,"52668 Richard Field Suite 243
North Gregory, MD 31335",N,miles
419,Carlos Frost,345-95-1175,"PSC 6720, Box 0907
APO AP 11279",N,hours
420,Daniel Blackwell,566-55-5826,"939 Kathryn Trace Suite 938
West Christinebury, NH 66450",Y,hours
421,Jenna Jimenez,147-72-2615,"721 Rebecca Plaza Apt. 856
Leefort, PA 45220",N,miles
422,Michael Walker,483-53-6783,"USCGC Robbins
FPO AP 86768",N,miles
423,Brittany Nelson,725-49-1007,"370 Rowe Creek Suite 854
Davisfort, NE 37157",Y,miles
424,Cynthia Coleman,656-90-1329,"8272 Richard Cliffs Apt. 463
Lake Ryanburgh, WI 81584",N,hours
425,Richard Chen,032-25-9757,"467 Johnson Wells Apt. 904
Andrewsberg, ND 51926",Y,hours
426,Lori Perry,592-60-7859,"815 Moon Centers Suite 637
Christopherport, AR 33797",Y,miles
427,Katelyn Hansen,002-12-4827,"105 Lucas Union Apt. 006
Michaelfort, HI 55868",N,miles
428,Katrina Howell,345-20-1254,"70086 Smith Corners Suite 138
South Carol, TX 93992",Y,hours
429,Scott Davis,024-58-6897,"7207 Webb Fort
Emilyshire, MD 84370",N,miles
430,Melissa Bailey,241-35-0515,"119 Robinson Crossing
East Jameshaven, DE 57000",Y,miles
431,Teresa Allen,078-68-9410,"80984 Pamela Square Suite 536
Jamesfurt, ID 16683",N,miles
432,Nicole Kelley,689-12-2518,"00442 Richmond Crest Suite 269
Hernandezhaven, WA 39170",Y,hours
433,Eric Shepherd,335-22-6600,"01819 Powers Valleys
Tracytown, WY 30909",Y,hours
434,Bradley Anderson,712-44-7629,"198 Michael Manor Apt. 257
Jenkinsport, DE 47273",Y,hours
435,Frank Shannon,254-08-1320,"PSC 9291, Box 9273
APO AE 06904",N,hours
436,Andrew Barnett,177-13-9300,"USNS Boyd
FPO AE 46356",Y,miles
437,Samantha Obrien,638-60-8169,"56195 Neal Fall
Lake Moniquefurt, VA 54236",Y,miles
438,Lisa Martinez,166-90-1668,"70053 Richardson Underpass Apt. 510
Coopermouth, CO 50710",Y,hours
439,Crystal Proctor,041-82-5537,"945 Turner Square
Morrischester, VT 22382",N,hours
440,Mary Medina,343-97-2404,"USCGC Owen
FPO AE 26105",N,miles
441,Stephanie Chan,662-30-1353,"60263 Young Flat Apt. 779
Lake Richardshire, IA 51913",Y,miles
442,Bethany Mccullough,842-69-3205,"6694 Clifford Spur Suite 180
Byrdmouth, NJ 52600",Y,miles
443,Kerry Chen,055-05-3618,"8398 Ricky Pass
West Heather, DC 79765",N,hours
444,Alisha Cline MD,772-95-1193,"765 Smith Fork
Washingtonhaven, AZ 16523",N,miles
445,Courtney Webb,406-71-1283,"USNS Stein
FPO AA 08211",N,hours
446,Steven Benson,520-42-0923,"596 Escobar Pike
Taylorland, NE 98043",Y,hours
447,Mr. David Roth Jr.,519-31-4925,"986 Katherine Circle Apt. 698
New Christopher, TN 70606",Y,hours
448,Christian Marsh,806-84-2464,"04600 Webb Prairie
Lake Melissa, AS 99931",Y,miles
449,Yvonne Rios,360-65-1650,"204 David Ramp Suite 691
West Adamton, GA 67194",Y,hours
450,Kimberly Wilson,333-78-5363,"89732 Craig Mountain Suite 008
Port Andreachester, VA 73380",N,miles
451,Pamela Smith,226-48-4454,"PSC 7353, Box 8695
APO AE 65434",N,miles
452,Shannon Bell,571-92-3764,"62222 Craig Forest Apt. 842
North Kellytown, IL 83779",N,miles
453,Courtney Johnson,204-57-6458,"35475 Barber Well
West Brian, TN 88076",Y,miles
454,Valerie Villarreal,734-63-0281,"USNS Calderon
FPO AA 32263",Y,miles
455,Scott Zhang,566-15-6445,"8888 Rogers Brooks
Andersonport, WV 44136",Y,miles
456,Amy Lloyd,658-84-0203,"USNS Ball
FPO AP 18287",N,miles
457,Jay Good,256-23-0661,"70839 Samuel Park
New Benjaminville, UT 32882",N,hours
458,Courtney Hill,375-69-1897,"169 Jonathan Tunnel Apt. 020
North Danny, IL 30968",Y,miles
459,Trevor Vasquez,183-73-4411,"4220 Allen Expressway Suite 219
Petersonton, ME 24081",N,hours
460,Angelica Smith,059-75-6957,"6963 Zachary Springs Suite 923
West Randallmouth, ME 15652",Y,miles
461,John Thomas,379-97-7906,"USCGC Hughes
FPO AE 54122",N,hours
462,Allison Simon,265-53-1198,"USNV Copeland
FPO AP 67934",N,hours
463,Scott Cook,860-23-2076,"082 Ross Crest Apt. 690
New Davidfort, VT 02377",N,miles
464,Nicholas Page,846-68-7988,"72388 Darren Manors
Port Patricia, CO 11932",N,miles
465,Miss Gina Mcdonald,367-77-6162,"1513 White Stravenue Suite 581
Jacobtown, HI 93900",Y,hours
466,Charles Mendoza,354-66-4304,"13911 Arnold Unions
North Joseph, FM 24820",Y,hours
467,Paula Jackson,691-42-4715,"9644 Marks Ford Suite 123
Stewartland, MN 71346",N,miles
468,Lee Dorsey,399-71-9035,"23522 Koch Manor Suite 387
Wardstad, MO 44738",N,hours
469,Mary Nelson,559-32-6908,"9843 Richard Locks
East Brianchester, MO 65294",Y,hours
470,Lisa Adkins,130-05-1818,"Unit 4967 Box 2981
DPO AE 01880",N,miles
471,Tony Lee,103-10-0395,"6165 Burns Ramp Suite 015
Heidibury, NH 08405",Y,hours
472,Heather Berry,824-28-8419,"4394 Lee Alley Apt. 031
North Tracey, TN 15927",Y,hours
473,Leon Bates,298-67-2264,"75073 Robert River
Amandaview, PW 13724",N,miles
474,Jason Walker,236-41-0254,"1834 Bailey Overpass
Swansonside, WV 67265",N,miles
475,Christopher Moore,788-91-3542,"93827 Johnson Pines Apt. 264
New Stevenmouth, IA 71642",N,miles
476,Taylor Fletcher,371-72-6760,"38551 Phillips Manor Apt. 354
Coleburgh, WA 02709",N,hours
477,Vanessa Salinas,676-05-5323,"0803 Baker Burg
East Sharonbury, MH 77560",Y,miles
478,Katie Pratt,881-51-9601,"251 Hernandez Glen Apt. 381
Port Michele, KS 34014",N,hours
479,Christopher Cantrell,865-07-0208,"Unit 4487 Box 5540
DPO AP 20122",N,miles
480,Alexandra Stevenson,750-15-0853,"93938 Lauren Knolls Apt. 487
Carolhaven, AK 14377",N,hours
481,Jane Smith,810-41-8135,"836 Tucker View Apt. 740
Clinetown, FL 00585",N,hours
482,Rodney Hoffman,028-78-3705,"USCGC Thompson
FPO AP 13488",Y,miles
483,James Parrish,779-15-2802,"636 Tucker Crescent Apt. 088
Rebeccafurt, AK 27519",Y,hours
484,Sean Durham,133-71-2800,"314 Taylor Pine
Valeriefurt, MO 70436",Y,miles
485,Luke Brady,052-22-5964,"698 Fletcher Mills Suite 903
West Shirley, MD 00882",Y,hours
486,Grant Evans,842-84-7117,"05589 James Shoal
Alexisberg, NM 18062",N,hours
487,Charles Jackson,052-52-2831,"3953 Courtney Flat Apt. 407
West Garyhaven, OK 00951",N,hours
488,Robert Martinez,514-78-2588,"3235 Leon Neck Apt. 350
Gallagherfurt, MD 01988",Y,hours
489,Jeremy Johnson,476-05-7492,"28723 Krista Island
Lake Charles, IN 04432",N,hours
490,Rita Molina,725-92-1813,"0646 Melissa Union
South Grace, WV 89591",N,miles
491,Claire Smith,212-21-4549,"690 Johnson Way Apt. 650
West Jonathanview, MD 40144",Y,miles
492,Henry Garcia,009-86-5468,"547 Campbell Springs
Lake Carlville, CA 96556",N,miles
493,Melissa Schultz,385-59-7611,"383 Johnson Knoll
Hoodville, IN 80545",Y,hours
494,John Johnson,149-82-2615,"65078 Sandra Stravenue
Mooreland, MA 20765",Y,hours
495,Douglas Taylor,862-77-0411,"4802 Kevin Unions Apt. 091
Gonzalezshire, UT 39141",Y,hours
496,Sarah Jones,815-06-1637,"430 Travis Point
Markfurt, CT 31040",Y,hours
497,Danielle Hogan,371-36-6586,"15756 Thomas Coves
West Andrew, IN 55134",N,miles
498,William Johnson,035-96-0346,"44718 Mejia Square
Lake Jenniferberg, AL 32702",Y,miles
499,Jennifer Jensen,592-10-4627,"Unit 3447 Box 5516
DPO AE 01221",N,miles
500,Gregory Cunningham,838-76-2354,"1889 Nicholas Junction Apt. 433
North Jeremy, CA 73739",Y,miles
501,Joseph Moore,460-38-3027,"694 Amanda Key Suite 100
Port Samanthachester, AK 81550",Y,miles
502,Sarah Johnson,674-81-7485,"90256 Alan Field Apt. 347
Margaretfort, ID 01627",Y,miles
503,Tara Johnson,340-25-2781,"8324 Ricky Pine Suite 862
Jonathanborough, NY 98449",Y,hours
504,Geoffrey Mclean,722-11-3042,"03195 Franklin Branch Suite 107
Batesfort, NE 27088",N,miles
505,Catherine Zavala,786-10-0535,"633 Fox Springs Suite 930
Morenoborough, MS 94221",N,hours
506,Tammy Hurley,021-20-7433,"519 Watson Underpass Apt. 441
Stewartland, MI 12277",Y,miles
507,David Rangel,523-77-6512,"7158 Anderson Valley Suite 536
Markborough, KS 24652",Y,hours
508,James Lawrence,271-84-2114,"994 Janet Spur Apt. 561
Lake Marcport, SD 27269",Y,miles
509,Rachel Andrews,316-40-5947,"221 Clark Crossroad Apt. 419
Knightside, IL 13309",N,hours
510,Mary Vargas,830-44-5435,"PSC 9846, Box 3253
APO AE 81371",Y,hours
511,Cynthia Wood,310-26-2580,"PSC 9853, Box 4141
APO AE 38288",Y,miles
512,Katherine Robbins,481-14-0523,"3122 Billy Brooks Apt. 358
Jacksonberg, MI 32177",Y,miles
513,Joel White,872-77-6151,"Unit 7943 Box 7469
DPO AA 34122",Y,hours
514,Jonathan Rangel,410-35-3163,"941 Flores Hills Suite 802
Castanedaburgh, WI 30346",Y,miles
515,Shane Morrison,394-85-9082,"69327 Matthew Inlet
North Lorraine, MT 66745",Y,miles
516,Anthony Martinez,263-05-4815,"9956 Bobby Union
Lake Katherine, MS 66521",N,hours
517,Richard Price,180-96-3484,"87344 Bradley Viaduct
Wesleyfurt, PA 14569",Y,hours
518,Dawn Baird,789-39-7928,"Unit 9176 Box 2273
DPO AA 94389",N,miles
519,Edward Carrillo,167-63-9141,"2749 Smith Loop Apt. 345
Gonzalesmouth, IA 02490",Y,hours
520,Anthony Mitchell,538-08-8795,"292 Justin Points Suite 502
North Kellyhaven, DC 49534",Y,miles
521,Danielle Friedman,518-74-5414,"891 Angela Field Apt. 266
North Jennifershire, WY 83567",Y,hours
522,Megan Carter,368-84-1397,"0453 Lisa Road
South Lindsay, PA 12203",N,hours
523,John Taylor,741-19-6437,"6623 Thomas Spurs
North Jason, LA 94742",Y,miles
524,Keith Patrick,892-01-4097,"8891 Rebecca Greens Apt. 404
Thompsonchester, AS 83445",N,miles
525,Amanda Griffith,857-72-0285,"2458 Navarro Gardens Apt. 222
East Jessica, ID 91443",Y,hours
526,Maria Lowe,245-52-9953,"17471 Greg Prairie
South Kathy, MT 15479",Y,hours
527,Donald Davenport,840-53-8451,"52610 Steve Crossing Apt. 459
Burkebury, AR 33621",N,miles
528,Suzanne Meyer,013-73-5433,"0283 Mckenzie Key Suite 937
Lake Jason, AS 00744",N,hours
529,Ruben Brown,571-46-7521,"24665 Angela Isle Suite 477
South Jerry, GU 93246",N,miles
530,Ryan Hansen,245-64-0034,"84315 David Falls Suite 562
New Kimberly, LA 46994",N,hours
531,Sierra Ramirez,663-60-6281,"4525 Thomas Trail Suite 240
New Kathleen, IN 54412",Y,hours
532,Linda Alvarado,696-69-0223,"Unit 7942 Box 5600
DPO AE 07572",N,miles
533,Kristen Mitchell,302-03-3994,"43287 Diaz Mills Apt. 022
Angelatown, MS 32988",N,miles
534,Mrs. Stephanie Long DDS,601-51-2417,"169 Lucas Rapids Suite 353
Butlerfurt, SC 18262",N,hours
535,Cody Mitchell DDS,376-46-6088,"067 Tracy Stravenue
Kristopherborough, SD 69854",Y,miles
536,Adriana Taylor,626-87-6232,"9780 Jennifer Park Suite 015
Lake Alexis, WA 73848",N,hours
537,Amy Noble,891-20-5760,"Unit 5648 Box 9201
DPO AA 75394",Y,miles
538,Reginald Townsend,613-93-7079,"4835 Bill Park Suite 418
Rogersfort, NM 37003",Y,miles
539,Katherine Moore,418-33-5376,"88826 Gail Mills Suite 883
Jeffreyland, PW 05785",N,hours
540,Mary Davidson,467-74-8005,"0672 Mcconnell Extension
Whiteheadburgh, AK 46625",N,hours
541,Melissa Doyle,769-73-9681,"946 Lonnie Roads
Vaughanside, PA 32182",N,miles
542,Andrea Casey MD,869-91-4775,"1365 Miller Causeway
Jenniferfort, AS 49111",N,miles
543,Justin Bush,566-02-8910,"491 Garcia Fields Suite 042
East Jamesside, KS 61965",N,miles
544,Richard Taylor,550-26-1591,"5413 Patrick Drive
South Seantown, AS 01706",N,hours
545,Neil Yang,209-88-6404,"6731 Aguilar Union
Thompsonview, HI 87194",Y,hours
546,Stacey Lopez,588-94-4278,"20359 Silva Corners Suite 357
West William, NH 94796",N,hours
547,Shane Henderson,746-55-1566,"89895 Miller Street
Wallacestad, AK 02189",Y,miles
548,Scott Rodriguez,573-06-7630,"04479 Shaw Rest
Jamesside, DC 16371",Y,hours
549,David Scott,655-37-7726,"20123 Ho Rue Apt. 849
Singhton, MS 25986",N,miles
550,Karen Evans,238-13-9979,"7720 Jay Corners
Lake Susan, AZ 54607",N,hours
551,Gregory Perez,304-47-9158,"11152 Green Lake
Davidfurt, NE 45005",Y,hours
552,Jason Morgan,428-34-9377,"1345 Hill Fork
Port Brian, AK 06790",Y,miles
553,Daniel Brown,643-30-0769,"35708 Griffin Port
Jessicaton, NY 65374",N,hours
554,Savannah Barnes,213-44-9899,"89432 Wong Spur Apt. 004
West Dianastad, PA 21471",N,hours
555,Daniel Davis,635-27-3699,"2692 Kennedy Courts Suite 173
Annaton, SD 42015",Y,miles
556,Abigail Nunez,557-73-5227,"222 Obrien Passage Apt. 059
Bernardmouth, LA 99188",Y,miles
557,Dr. Thomas Lyons,747-53-4743,"55276 Thomas Circle
Port Anthony, SC 61002",N,hours
558,Dr. Emily Gonzales,735-20-7182,"686 Kenneth Stream
Port Jessicaburgh, MN 47172",N,hours
559,Stephanie Sparks,399-54-3397,"49612 Amy Villages
Justinview, AZ 57232",Y,miles
560,Wanda Ortiz,399-96-4118,"6496 Becker Place Apt. 118
Lake Scott, WV 74466",N,miles
561,Melissa Graham,016-88-9311,"264 Nicole Lakes Suite 878
Benjaminchester, NJ 18149",Y,miles
562,Trevor Tanner,678-47-2231,"679 William Grove Suite 853
East Amyville, WA 22420",N,hours
563,Sarah Lewis,841-53-9912,"23785 Ewing Valleys
New Jackie, NH 46576",Y,miles
564,Andrew Randall,607-91-7171,"17822 Johnson Underpass
North Jasontown, NE 29783",N,hours
565,Jose Snyder,600-86-6717,"8875 Jessica Drive
Whitakerview, MT 00806",N,miles
566,Justin Klein,569-46-3321,"65691 Thomas Fork
New Teresaburgh, OH 80093",N,miles
567,Daniel Stevens,648-63-6920,"49409 Smith Forges
Lake Erinhaven, CO 36360",Y,miles
568,Joseph Reed,241-25-1500,"Unit 1106 Box 5558
DPO AA 49828",N,miles
569,Shawn Bush,796-55-4157,"58665 Jonathan Station
Hendersonland, MT 98555",N,miles
570,Andrea Ramos,305-83-0129,"4693 Nancy Trace
Pamelatown, OR 93424",Y,hours
571,Amanda Johnson,357-79-0546,"61987 Tami Station Suite 964
East Kristopherfort, VI 44278",N,hours
572,Laurie Williams,531-37-6484,"9489 Brandy Expressway
Nancyborough, DE 88893",Y,miles
573,David Gomez,804-09-2376,"74148 Carter Streets Apt. 840
East Brian, MN 20417",N,hours
574,Suzanne Williams,695-12-4235,"9988 Frye Valley Apt. 601
Nicolastown, WI 88689",N,miles
575,Nicole Rice,896-41-2355,"59700 Newman Tunnel
Millerstad, ND 34900",Y,hours
576,Susan Anderson,667-34-7763,"850 Lee Cliff
Salazarton, LA 02881",N,miles
577,Martin Brown,349-88-0120,"0910 Jonathan Prairie
New Jennifer, SD 98146",Y,hours
578,Tyler Shannon,629-36-1758,"1656 Brady Extensions
Carltown, CA 31364",N,hours
579,Charles Owen,406-74-9132,"97666 Fields Cape Suite 848
East Gary, NE 77504",N,hours
580,Matthew Welch,140-74-7278,"2236 Susan Motorway Apt. 889
North Deniseside, CA 54101",Y,miles
581,Charles Johnson,631-98-9657,"51299 Jamie Expressway
Lake Michaelbury, DE 92289",N,miles
582,Debra Brown,248-85-6486,"91353 Eric Meadows
North Donna, MT 93153",Y,hours
583,Evan Adams,710-39-8794,"8788 Peters Station Suite 645
Wendytown, VT 73589",Y,hours
584,John Hicks,723-58-0862,"5175 Carter Expressway Apt. 667
Port Calvin, AL 41742",Y,miles
585,Kevin Fields,445-76-2234,"437 Denise Motorway Suite 526
Lake Adam, AS 52288",Y,hours
586,Diane Camacho,056-31-4824,"2374 Barbara Harbors
South Sheila, MN 51113",Y,hours
587,Kimberly Jensen,501-29-7197,"559 Joseph Square
Charlesfurt, NE 01483",Y,miles
588,Jordan Ortega,291-05-9305,"84721 Torres Viaduct
Port Charles, MD 60574",Y,miles
589,Ms. Melissa Rosales,673-71-3724,"3038 Brown Skyway Apt. 528
West Matthew, ME 29362",Y,hours
590,John Webster,263-88-0945,"035 Jessica Summit Suite 434
Jessicaville, MO 38511",Y,hours
591,Ashley Boone,456-37-3468,"9192 Wallace Divide
New Scottfurt, CT 88016",N,miles
592,Eric Patrick,126-08-3937,"PSC 1480, Box 4879
APO AE 15764",Y,miles
593,Kathryn Ford,051-72-5935,"5741 Gregory Locks Apt. 988
Kevinstad, MD 33974",N,miles
594,Mark Jimenez,537-10-6046,"339 Flores Extensions Apt. 180
Amystad, IL 82803",N,miles
595,Suzanne Trujillo,003-43-6031,"959 Steven Pine Apt. 423
New Michael, MT 05210",Y,hours
596,Jose Wolfe,500-74-7368,"PSC 6605, Box 0853
APO AA 42340",Y,hours
597,Heather Burgess,583-47-0195,"6794 Leah Crescent Suite 630
Nathanville, CT 63726",Y,miles
598,Catherine Rogers,577-35-7477,"61108 Anthony Burgs
South Wendyland, SD 85387",Y,hours
599,Aaron Lopez,681-99-2929,"85386 Sarah Radial Suite 152
Jessicafort, VI 90685",N,miles
600,Sara Wiley,381-60-9255,"514 Shirley Fork Suite 354
Stephenborough, SD 36831",Y,hours
601,Andrew Young,366-66-3750,"497 Drake Brooks
Connieburgh, GA 60372",Y,miles
602,Kyle Rodgers,182-76-7384,"372 Herring Vista
North Olivialand, PR 52676",Y,miles
603,Michelle Gibson,590-07-6155,"72245 Anderson Rest
East Gary, FM 75499",Y,hours
604,Billy Bell,534-36-2592,"0755 Vance Mews
East Micheleborough, AK 01412",Y,hours
605,Jeremy Contreras,582-21-9079,"34363 Amanda Plaza Apt. 686
Port Debrafort, WY 88627",Y,miles
606,Frank Schultz,341-28-5734,"2578 Davis Road
Lake Roytown, AR 14313",N,miles
607,Russell Clark,549-07-8854,"08973 Summer Circles
Lake Alyssa, TN 42016",Y,hours
608,David Robinson,532-75-3028,"9428 Connie Drives Apt. 007
East Jose, GA 61169",Y,miles
609,Philip Lewis,568-43-0580,"304 Cindy Square Apt. 767
South Scott, VI 89262",Y,hours
610,Andrew Hall,686-67-0530,"963 Savannah Fork
New Amandamouth, LA 45337",Y,hours
611,Nichole Mcgee,593-49-7259,"2154 Theresa Oval
Port Kimberly, AL 78205",Y,hours
612,Debbie Martinez,368-02-8198,"USNS Bennett
FPO AA 63920",N,hours
613,Jennifer Patton,854-89-5438,"922 Contreras Cliff Suite 342
Moralesstad, MN 68052",Y,miles
614,Vanessa Bridges,866-35-6155,"PSC 7452, Box 1046
APO AA 72040",Y,hours
615,Christopher Harper,556-51-0132,"3282 Dennis Ports
Markville, MD 33518",N,miles
616,Haley Smith,633-36-4591,"08002 Jack Course
Philipville, TX 56818",N,miles
617,Zachary Clark,089-50-7488,"020 Graham Haven
Christensenfurt, NE 92107",Y,miles
618,Dr. Emily Mathis,594-76-7955,"PSC 5498, Box 7345
APO AP 80405",Y,miles
619,Stephen Bailey,632-44-6552,"Unit 9025 Box 2103
DPO AE 17362",N,hours
620,Mrs. Misty Cochran,680-47-3389,"9499 Chloe Green Apt. 443
Brownmouth, MN 63560",Y,miles
621,Matthew Allen,016-21-1126,"95227 Savage Tunnel Suite 235
Brianashire, IN 86835",Y,hours
622,William Washington,194-72-5161,"42016 Brandon Divide Suite 005
Angelamouth, KS 47733",Y,hours
623,Margaret Cooper,233-32-9126,"29137 Jenkins Creek Apt. 149
Youngberg, SD 67290",Y,miles
624,Terrance Merritt,539-23-5986,"129 Dennis Passage Apt. 729
East Abigail, MT 18062",N,miles
625,Brittany Lane,038-53-9811,"USNS Cantrell
FPO AA 90875",Y,hours
626,Manuel Owens,061-89-0027,"46503 Gonzalez Terrace Suite 783
Donnashire, TX 38085",N,hours
627,Denise Bennett,345-26-3137,"45129 Douglas Locks
Gregorytown, NC 30113",N,hours
628,Margaret Henderson,656-44-5334,"0050 Levi Streets Apt. 605
West Amy, HI 42195",N,miles
629,Caleb Johnson,004-07-1167,"924 Saunders Estate Apt. 943
Turnershire, MA 71625",Y,miles
630,Robin Ortiz,429-78-5578,"Unit 8239 Box 4068
DPO AE 87488",N,miles
631,Joseph Romero,162-45-9675,"387 Cynthia Common
East Elizabeth, AZ 25963",N,miles
632,Tony Parker,384-71-2052,"17055 Vasquez Radial
Port Matthew, ID 33879",Y,hours
633,Angela Stewart,864-40-3382,"22894 Rogers Village
Hannahmouth, MT 58460",N,hours
634,Christine Rivera,132-02-3692,"7421 Griffin Keys Suite 438
Jasonview, MH 54082",Y,miles
635,Jeremy Palmer MD,673-20-7981,"73226 Felicia Mountain
Lake Terrance, GU 82181",N,miles
636,Craig Hebert,209-90-0985,"7391 Douglas Prairie
New Paulafort, WA 41419",N,miles
637,Patricia Watson,391-55-4473,"94788 Fox River Suite 635
South Rhonda, SD 64596",N,hours
638,Brenda Vaughan,627-19-0254,"1296 Bruce Trail
Thompsonshire, MO 75804",N,hours
639,Veronica Leon,644-75-2610,"5974 Robert Rest
Port Heatherview, VT 38331",Y,hours
640,Angelica Allen,655-83-2654,"53511 Steven Ridges Suite 749
Wrightburgh, KY 75076",N,hours
641,Carrie Nguyen,301-38-6571,"17983 Davies Corner Apt. 891
Samuelchester, OH 28601",Y,hours
642,Richard Melendez,034-48-9454,"20767 Jeffrey Mission Apt. 422
South Jermaine, IL 99331",N,miles
643,Jacqueline Peterson,875-45-3506,"3978 Frank Trail Apt. 100
Ashleybury, RI 66199",N,hours
644,Edward Boyd,112-26-1187,"907 Jonathan Fields
East Veronicafurt, MI 83754",N,hours
645,Walter Acosta,662-76-4578,"116 Tucker Forges Suite 061
Lake Christine, NV 02310",N,hours
646,Austin Miller,409-13-2351,"491 Anna Hills
Port Juliestad, OH 64427",N,miles
647,Ruben Neal,117-19-2645,"01587 Kerry Square
Duncanmouth, DE 47656",Y,miles
648,Kendra Bradford,128-71-0638,"3802 Jacob Station
Campbellchester, KY 35251",Y,hours
649,Deborah Brown,656-52-4820,"7364 Sarah Loop Suite 792
South Taylor, WI 60224",Y,hours
650,Benjamin Morgan,330-36-5138,"92569 Zachary Divide
West Helen, NV 48139",Y,hours
651,Sara Alexander,777-94-4613,"Unit 5171 Box 4693
DPO AP 31912",Y,hours
652,Matthew Bryant,061-08-7412,"0055 Robert Island
Port Shannon, IN 79951",Y,hours
653,Thomas Vazquez,181-95-8026,"97067 Murphy Stream Suite 726
Susanville, CO 84185",N,miles
654,Christy Shepherd,603-87-7816,"42675 Jeffrey Underpass Suite 978
Josephshire, NY 59115",N,miles
655,Donna West,146-61-3921,"632 Smith Ville
East Linda, FL 31465",Y,miles
656,Sabrina Collins,454-16-5518,"7143 Holland Underpass
Singhville, OH 12619",N,hours
657,Matthew Ellis,717-90-7743,"91038 Cordova Park
Michaelton, CA 21302",N,hours
658,Diane Rogers MD,068-53-4164,"934 Williams Plain Suite 874
Reneestad, FM 49700",Y,miles
659,Shannon Harris,561-27-3017,"0127 Derrick Well
New Michaelville, OR 58762",N,miles
660,Theresa Fields,176-33-2163,"629 Barnett Streets Suite 537
Crawfordchester, CA 61037",N,hours
661,Douglas Bowman,028-39-3038,"35935 Roy Wall Apt. 101
West Mauricefort, ID 38285",N,miles
662,Michael Love,393-50-8224,"795 Sabrina Glen Suite 492
Ronaldfort, WA 15578",Y,hours
663,Nichole Smith,783-42-9463,"USNV Soto
FPO AP 82577",Y,hours
664,Jesse Gutierrez,396-71-3892,"06330 Rogers Mission
Cannonhaven, GU 91204",N,miles
665,Lisa Johnson,135-37-4295,"6744 Colton Village Suite 448
East Morganbury, LA 66645",N,hours
666,Misty Jennings,365-40-5622,"PSC 5461, Box 4243
APO AA 57664",N,hours
667,Sandra Greene,627-37-1828,"38777 Thomas Rapid
Simmonsberg, IA 08047",N,hours
668,Taylor Butler,646-01-7217,"1613 Dana Glens Suite 561
Edwardland, IN 63891",N,hours
669,Tiffany Rivera,678-58-0609,"Unit 9102 Box 2778
DPO AP 95808",N,hours
670,David Davis,421-80-5725,"057 Katrina Inlet
West Johntown, MT 53012",N,miles
671,Matthew Ortiz,104-28-1116,"210 Burgess Island
South Claudiaview, OR 10788",Y,miles
672,Samantha Garcia,720-31-2677,"489 Carla Drive
Sullivantown, MN 22340",Y,miles
673,Mrs. Tina Johnson,046-31-1122,"91166 Martin Fork
Elliottland, MP 67826",Y,hours
674,Jonathan Calderon,256-87-1155,"195 Mckenzie Turnpike
North Michael, OR 87192",N,miles
675,David Best,689-86-7486,"40500 Jonathan Pines
Michelleport, KS 72281",N,miles
676,Jessica Jones,506-42-3847,"Unit 2858 Box 9338
DPO AE 81697",Y,hours
677,David Lewis,684-72-0279,"721 Michelle Prairie Suite 521
Markton, ID 38818",Y,hours
678,Marvin Gonzalez,770-02-8451,"827 Marvin Corner Apt. 556
North Adam, PR 59334",N,hours
679,Thomas Jensen,011-49-3484,"0729 Mary Circles Suite 033
North Bryanside, OH 54544",N,hours
680,Deanna Martinez,468-39-9626,"7798 Hensley Mall Apt. 784
New Dennismouth, WA 73450",Y,hours
681,Leah Horton,167-87-6520,"650 Terrance Groves Suite 564
East Dariusfurt, KY 61832",Y,miles
682,Keith Burnett,385-27-0918,"0554 Blair Lodge
West Davidville, OK 96016",Y,miles
683,Dominic Morrison,009-83-0832,"9375 Singh Greens
New Richardland, NM 58918",Y,miles
684,Amanda Bender,255-40-4912,"2065 Cynthia Shore
Charlesberg, ME 51850",Y,hours
685,Aaron Fleming,822-78-6711,"44840 Barnett Curve
Erinberg, FM 00900",Y,miles
686,Destiny Brown,380-66-9378,"43516 Jody Keys Apt. 431
Lake Kari, DE 36384",N,hours
687,Lynn Rodriguez,405-17-7981,"606 Parker Station Suite 644
Port Jason, AS 38214",N,hours
688,Steven Lynch,855-42-1541,"43111 Hall Port
Corybury, DE 11679",N,hours
689,Anne Liu,690-03-9417,"32622 Derek Mountains Suite 820
Jenningsstad, MP 82463",N,miles
690,Angela Taylor,394-41-2567,"392 Clark Bridge
Thomasview, MI 16308",Y,miles
691,Sandra Woodard,624-47-7535,"02720 Ortega Shoals Suite 265
South Alexton, AR 30135",Y,miles
692,Danielle Evans,189-70-9394,"Unit 7187 Box 9665
DPO AP 81870",Y,miles
693,Peter Middleton,454-91-5808,"76392 Keith Pine
East James, SC 77460",N,miles
694,Pamela Brown,168-36-1886,"6957 Jackson Run Apt. 153
East Samuelville, ND 12864",N,miles
695,William Martinez,144-08-8701,"1564 Melendez Island
West Annmouth, NY 60750",Y,hours
696,Michael Smith,027-37-3049,"83608 Felicia Spurs
Martinezshire, HI 51469",Y,hours
697,James Jones,730-82-2638,"217 Cox Hills Suite 027
Scotttown, MS 24261",N,hours
698,Robert Werner,094-56-0257,"77566 Lee Port Suite 355
South Ronald, ND 43282",Y,miles
699,Tiffany Wells,465-58-6860,"1783 Valerie Spring Suite 312
Jacobshire, MT 52341",Y,miles
700,Larry Clarke,426-80-9054,"2355 Fitzgerald Underpass Apt. 113
Johnsonbury, MS 58749",N,miles
701,Abigail Kramer,256-15-9134,"382 Katherine Port Suite 728
North Mark, NY 88414",N,hours
702,Danielle Griffith,779-57-7476,"4794 Levine Parkways
Popeland, AL 17547",Y,hours
703,Eric Medina,423-39-1510,"76136 Elliott Field Suite 871
Claireside, NY 75208",N,miles
704,Rachael Smith,579-95-6035,"084 Torres River
Julianbury, RI 50301",Y,miles
705,Nicholas Reese,330-79-4595,"8398 Hall Crescent Suite 254
Traciebury, OK 92593",Y,miles
706,Jennifer Rich,302-43-2881,"Unit 4870 Box 8515
DPO AE 02301",N,miles
707,Danielle Mills,067-16-3375,"1790 Derek Ways
North Chadstad, AR 94842",N,miles
708,John Webb,840-56-8092,"73507 Chen Valley
Collinsburgh, SC 38075",Y,hours
709,Sandra Jones,273-95-7385,"71240 Porter Prairie Apt. 353
New Angelaside, HI 58863",N,hours
710,Bryan Harmon,514-98-1352,"834 Strickland Village Suite 232
Timothymouth, MO 01252",Y,hours
711,Timothy Orozco,724-29-6815,"739 Jenkins Center
Lake Alexandraview, NE 00900",Y,hours
712,Jeffrey Flores,146-95-0873,"259 Maria Dale
Robertsville, NH 98376",Y,miles
713,Lisa Miller,804-58-3454,"2815 Elizabeth Turnpike Suite 310
Brianbury, NM 28572",Y,hours
714,Kathy Fletcher,262-74-8424,"789 Williams Terrace Apt. 488
Lake Roberttown, AR 30537",N,miles
715,Keith Ballard,370-84-2395,"8131 Robbins Neck Suite 408
West Christopherfurt, IL 86382",Y,hours
716,Julie Johnson,071-03-8059,"USNS Lewis
FPO AE 86187",Y,hours
717,Anthony Mcdonald,294-91-3564,"85833 Phillip Via
West Katie, ID 99767",Y,hours
718,Linda Mcintyre,620-03-7924,"087 Richards Fork Suite 953
Lake Kristenport, WA 53869",Y,hours
719,Andrew Baker,814-06-3465,"6042 Jenkins Trail Suite 103
South Jenniferville, IN 03008",N,hours
720,Susan Levy,766-29-3817,"042 Carlson Lock
North Mark, AS 20999",N,miles
721,Shawn David,168-42-8894,"696 Michelle Centers
New Jaymouth, AZ 89662",Y,hours
722,Alexandra Solis,771-99-3669,"816 Moore Rue
North Mary, PW 65519",Y,miles
723,Clayton Ferrell,465-88-2406,"0944 Heather Hills Apt. 303
Port Joshualand, AR 85371",Y,miles
724,Paula Hartman,311-62-6345,"03473 Myers Keys Apt. 481
West Mark, PA 23494",N,hours
725,Dustin Thomas,184-91-6371,"USS Gray
FPO AE 20133",Y,hours
726,Kenneth Martinez,412-94-2297,"Unit 1322 Box 0582
DPO AA 49113",Y,hours
727,Amy Chase MD,242-56-6022,"4781 Rivera Pass
South Kelly, PR 25842",Y,miles
728,Michelle Galvan,426-79-7241,"62311 Anna Squares
Port Robyntown, FM 48984",N,hours
729,Matthew Hernandez,745-13-3423,"2623 Jonathon Neck Apt. 627
East Samuelmouth, MI 94628",Y,miles
730,Christina Taylor,229-09-3983,"PSC 1765, Box 1949
APO AA 31537",N,hours
731,Lance Cooper,422-44-2617,"3275 Williams Mountains Suite 720
North Dariusview, AL 91133",N,miles
732,Joseph Doyle,499-98-7665,"382 Heather Ville
East Charleneshire, VI 16695",Y,miles
733,Susan Young,860-59-6248,"4098 Knight Trail Suite 553
Michaelbury, NY 43842",Y,miles
734,Tiffany Herman,845-56-3405,"742 Priscilla Mews
New Heatherborough, MN 63043",N,miles
735,Vanessa Evans,831-23-4744,"104 Amy Alley
South Deborahview, MN 28315",Y,miles
736,Faith Robinson,660-14-1516,"39351 Brown Spur
Port Kevinshire, VA 77785",N,hours
737,Steven Lucero,426-77-6836,"45492 Brown Haven
Robinview, RI 36086",N,miles
738,Wendy Hamilton,709-52-4295,"2977 Katherine Pass Apt. 978
Braunside, NV 39532",N,miles
739,Carrie Rogers,392-35-3297,"65056 Davis Harbors Suite 515
East Melissafurt, NY 61681",N,miles
740,Crystal Mathis,206-25-5257,"1098 Tate View Suite 189
Robinbury, IA 14243",N,hours
741,Dawn Jordan,685-27-4764,"8843 Anita Field Apt. 343
Stephenport, ME 33319",N,hours
742,Barbara Patterson,428-34-3022,"831 Lisa Mission Apt. 832
East Tinamouth, SD 91731",N,hours
743,Nicholas Wade,191-57-3847,"50730 Brown Square
Lake Angela, SD 44659",Y,hours
744,Samantha Boyd,197-68-0064,"519 Collins Bypass Apt. 318
North Matthewfort, AL 78589",N,hours
745,Jerome Shaw,410-25-3611,"10154 Blackburn Pass Apt. 730
Smithberg, VT 10930",Y,hours
746,Robert Garcia,035-20-1567,"0983 Chang Mountains
Port Becky, MA 19960",N,miles
747,Tiffany Ball,793-61-7361,"Unit 4237 Box 0879
DPO AE 61130",N,miles
748,Jodi Taylor MD,469-91-8841,"3199 Colon Fields
Kimberlyberg, VT 93377",Y,miles
749,Scott Navarro,791-83-4238,"87832 Grimes Stream
Adkinston, KS 48189",Y,miles
750,Tony Torres,259-17-5384,"3625 David Cape Apt. 598
North Brianland, AL 47711",Y,hours
751,Leslie Lewis,813-49-2189,"122 Michael Gardens
East Lori, AK 47855",N,miles
752,Julie Russell,109-94-9735,"8972 Stevenson Junction
North Gabriellehaven, FL 42447",N,hours
753,Michael Cooley,361-27-9279,"42862 Tucker Ports
East Sabrina, MS 77323",Y,miles
754,Michelle Miller,402-39-5873,"05541 Michael Skyway Suite 480
North Mary, SD 70255",N,hours
755,Lauren Herrera,437-44-0655,"953 Lindsay Lock
South Aaronchester, NJ 98056",N,hours
756,Sherri Ramos,565-16-3045,"4568 Anna Forest
East Traci, NE 33757",N,miles
757,Melissa Pineda,335-82-3837,"1541 Craig Well Apt. 307
Zacharystad, VA 08829",Y,hours
758,Michele Jones,291-04-4344,"915 Nicole Green Apt. 531
Port Coreyborough, SD 59881",N,hours
759,Corey Thomas,300-85-9616,"PSC 3169, Box 7455
APO AE 90710",N,miles
760,Mary Owens,018-92-3777,"224 Hernandez Shore Apt. 564
Allenshire, PW 48154",Y,miles
761,Curtis Mason,415-22-1067,"0758 Hayes Vista
Lindaberg, NV 38072",N,miles
762,Tonya Barber,470-55-1038,"620 Jesus Track
Lindafurt, MI 20047",N,hours
763,Allison Thomas,734-63-8852,"39885 Mcgrath Islands
Lake Daniel, HI 78011",N,miles
764,Justin Burns,470-86-8668,"768 Ashley Avenue
Latashaview, NC 71091",N,miles
765,Daniel Martin,687-92-8564,"679 Fowler Radial Apt. 287
North Georgemouth, AZ 21461",Y,hours
766,Christopher Camacho,063-20-1447,"PSC 2008, Box 0162
APO AA 96664",N,miles
767,Lisa Hill,796-77-3118,"20858 Wheeler Mission Apt. 860
Robinsonland, AZ 31981",Y,hours
768,Tammy Krause,758-96-7268,"401 Martinez Locks Apt. 967
New Justin, ME 75059",Y,hours
769,Candice Weber,176-26-6597,"32714 Robert Bridge Apt. 527
South James, HI 73054",N,hours
770,Nicholas George,357-46-9269,"53068 Roberts Light Suite 792
Williamsmouth, OK 74869",N,hours
771,Dale Edwards,785-09-4352,"221 Mathews Pike Apt. 782
Hayneston, WI 20088",N,miles
772,Dan Gray,223-31-7913,"USCGC Adams
FPO AP 02386",N,hours
773,Jennifer Kelly,079-01-7706,"9701 John Landing
Lake Gloriashire, NV 42700",N,miles
774,Harry Brown,205-06-9095,"1286 Brown Street
Tranfurt, NE 48989",N,miles
775,Rachael Ortiz,212-90-3962,"311 Jacob Courts
South Andrew, IA 47764",N,miles
776,Shaun Burke,516-14-7483,"91695 Gomez Falls Apt. 826
Geraldshire, ME 80991",N,miles
777,Donna Woods,850-80-1142,"9006 Donald Estates
Robertchester, IN 47526",Y,miles
778,Rodney Watts,739-17-4307,"8505 Young Meadow Suite 115
Port Michaelland, WV 51474",N,miles
779,Amy Ramos,298-09-5411,"1607 Pham Row
New Amanda, WV 43240",Y,miles
780,Charles Benjamin,200-48-7798,"97806 Charles Lodge
Lake Cameron, CA 60797",Y,miles
781,Katelyn Johns,222-87-4060,"3915 Veronica View
North William, FL 59362",Y,miles
782,Megan Page,557-24-7288,"USNV Jones
FPO AP 82487",Y,hours
783,Lisa Castillo,408-50-7292,"71080 Alfred Fork
Smithshire, MH 74540",Y,hours
784,Alexandra Hanson,122-08-4552,"908 Sheila Crescent
Pinedaside, CO 41985",N,hours
785,Kimberly Fisher,600-30-1141,"4144 Flynn Locks Apt. 391
South Josephstad, MI 81109",Y,miles
786,Thomas Reynolds,641-72-6781,"3675 Sheena Glen
Turnerport, OH 77129",N,hours
787,Joseph Snow,455-54-8200,"399 Miguel Cape Apt. 782
New Michael, LA 51843",N,hours
788,Ryan Hernandez,553-51-4866,"638 West Crossing Suite 181
Port Robertmouth, AK 22856",N,hours
789,Daniel Howard,153-49-6939,"PSC 0486, Box 5803
APO AP 33014",N,hours
790,Dana Hahn,157-26-9872,"112 Wilson Street Suite 236
North Rachelmouth, CO 02524",N,miles
791,Deanna Stewart,438-22-1500,"12937 Jones Burg
Booneland, OK 66730",N,hours
792,Thomas Simon,133-38-6570,"PSC 4042, Box 1442
APO AE 74018",N,miles
793,Edwin Beltran,695-32-8545,"78899 Myers Street Suite 879
Berrymouth, WA 76874",Y,hours
794,Kurt Willis,779-19-8874,"692 Tyler Stravenue Suite 677
South Melinda, IA 57092",Y,miles
795,Jody Armstrong,407-21-0193,"970 Floyd Route
Walterton, GU 28002",Y,miles
796,Jennifer Lowe,744-18-7735,"5348 Joshua Mills
Laurenmouth, MT 21363",N,miles
797,Sarah Jackson,167-85-2859,"02378 Frank Keys Apt. 566
West Kimberlyview, MP 00693",N,hours
798,Karen Woods,425-98-1466,"0873 Robertson Valley
Danielview, VA 98788",Y,miles
799,Mary Smith,510-96-4140,"39822 Rodriguez Loop Apt. 950
Lake Yolandaburgh, GA 21789",N,miles
800,Patricia Crawford,792-24-8386,"753 Robert Brook
Port Bridget, IL 33828",Y,miles
801,Adam Richardson,891-16-2938,"PSC 4092, Box 5029
APO AA 68081",Y,hours
802,Joanne Reynolds,520-24-8336,"46647 Park Light Apt. 397
Lake Tyler, KS 97391",N,hours
803,Jeffrey Good,766-72-8134,"093 Christopher Creek Suite 048
Wrightshire, IA 45094",Y,miles
804,Anita Woodward,484-87-5395,"88411 Lee Port
Wilsonberg, AL 82552",Y,hours
805,Lori Cochran,478-57-5463,"5364 Nelson Spur
Angelaton, VI 66829",N,miles
806,Breanna Novak,847-10-2179,"6943 John Throughway Apt. 066
South Melissaland, NE 68703",Y,hours
807,Craig Martin,842-11-1058,"USNS Simpson
FPO AE 61940",N,miles
808,Susan Byrd,613-50-8815,"21465 Mathews Street Apt. 836
South Gregberg, NY 56615",Y,miles
809,Andre Carlson,662-80-0823,"5907 Matthew Coves
Port Todd, AL 55481",N,miles
810,Spencer Clements,646-94-9110,"184 Davies Summit
New Danielfurt, WA 88450",Y,hours
811,Craig Oconnor,203-55-5312,"PSC 7581, Box 6321
APO AE 79556",N,miles
812,Angel Miller,667-82-3787,"14266 Sierra Trafficway
Aaronborough, MO 60291",Y,hours
813,Laura Taylor,308-69-9706,"007 Kristen Lane
Webbville, PA 58203",Y,miles
814,Robert Hanson,361-88-3827,"20784 Sharp Route Suite 989
South Clayton, AS 73012",Y,hours
815,James Glover,436-40-3414,"620 Mcdonald Inlet Suite 304
North Melissa, NY 33566",N,miles
816,Kimberly Woods,119-42-9864,"3303 Troy Centers Suite 422
South Paulburgh, ID 98185",Y,miles
817,Victoria Kirk,553-84-9533,"575 Gregory Summit Apt. 254
Greenton, MD 61558",N,hours
818,Thomas Aguilar,711-89-7953,"7915 Rice Heights Suite 398
East Scottview, UT 90487",N,hours
819,Susan Carr,179-63-9792,"8472 Alicia Roads
Bradleyshire, PA 80976",N,hours
820,Elizabeth Romero,024-86-4659,"20780 Smith Ridge
Acostamouth, AS 62675",N,hours
821,Leslie Gonzales,139-86-8245,"6692 Butler Divide
Dawnville, DC 29703",Y,hours
822,Robert Noble,034-88-4239,"311 Allen Fort Apt. 522
East Matthewport, VT 08608",N,hours
823,Casey Vega,095-98-0525,"982 Teresa Ville
Port Jennifer, AR 88069",Y,miles
824,Michael Tran,890-49-6149,"91060 Charles Plaza
West Benjamin, AZ 48614",N,miles
825,Timothy Hansen,412-77-0436,"PSC 3491, Box 5405
APO AP 19865",N,hours
826,Robert Jones,158-91-7370,"12833 Michele Terrace Apt. 215
South Jamieton, NY 23464",N,hours
827,Rebecca Williams,016-48-0942,"72013 Spears Viaduct
Port Karenhaven, CA 69026",Y,hours
828,Kelly Larson,680-48-3063,"8975 Ronald Highway
Paulberg, MT 80136",Y,hours
829,Elizabeth Johnson,294-76-0375,"787 Willis Centers
Jacksonville, MI 43997",Y,miles
830,Lee Jacobson,680-86-9136,"238 Sims Prairie
Lovemouth, MP 84024",N,miles
831,Courtney Park,697-18-8162,"1088 Elizabeth Overpass Suite 728
Davidport, MP 74641",N,hours
832,Makayla Evans,051-17-5285,"11228 Levine Camp
Hartmantown, MA 10189",N,hours
833,Amber Johnson,022-48-3279,"3483 Megan Estates Suite 293
Charleston, MN 54169",N,hours
834,Anthony Daniels,475-71-3902,"Unit 9394 Box 2889
DPO AP 87332",Y,hours
835,Dr. Melissa Delacruz,620-65-2650,"569 Rachel Mall
Dixonfort, SC 45024",Y,hours
836,Martha Hall,513-55-2575,"210 Heather Corner
New Kathyberg, TX 39462",Y,miles
837,Stephanie Butler,840-36-6354,"22281 Anderson Tunnel
North Robert, ND 27137",N,hours
838,Crystal Carlson,751-62-5210,"725 Byrd Estates
Amandahaven, WY 88015",N,hours
839,Anthony Hanson,241-40-0349,"Unit 5982 Box 1954
DPO AP 72587",N,hours
840,Andrew Knight,225-36-3763,"5500 Roberts Manors
Williamfurt, NH 27730",Y,miles
841,Joshua Osborne,649-17-9978,"59301 Michaela River
New Walter, CA 47977",Y,hours
842,Crystal Brown,417-95-1120,"403 Townsend Street Suite 962
Davidmouth, DC 65867",Y,miles
843,David Carson,235-13-4653,"PSC 5729, Box 2621
APO AA 81441",N,miles
844,Amber Robinson,722-99-2370,"845 Mallory Freeway
Lake Justinfurt, OK 15767",Y,hours
845,Amber Rodriguez,888-43-1292,"2400 Darius Route Apt. 811
Janetchester, WI 74740",N,hours
846,William Walker,272-34-6280,"651 Thomas Turnpike Suite 099
Vasquezhaven, ND 00833",Y,hours
847,Travis Davis,174-23-5000,"48075 Hale Roads
North Jesuston, OK 94915",Y,hours
848,Jacob Wood,086-76-1473,"USCGC Perez
FPO AE 21433",N,miles
849,Paige Brennan,119-82-6205,"Unit 4460 Box 0482
DPO AP 77863",Y,miles
850,Christina Wade,279-81-8918,"934 William Street
Nguyenshire, SD 07871",N,miles
851,Timothy Welch,642-66-9916,"04372 Anthony Terrace Suite 942
Teresaside, VT 18189",N,hours
852,Eric Perez,797-20-0804,"38374 Jay Burg Suite 442
Johnfurt, PR 16590",Y,miles
853,Kathryn Berger,244-09-2011,"Unit 6336 Box 4024
DPO AE 30691",N,hours
854,Rebecca Barton,402-13-1244,"PSC 6395, Box 7774
APO AA 46488",N,miles
855,Benjamin Jackson,392-79-3927,"85669 Hunt Ranch Apt. 307
Amberfort, TN 02826",N,miles
856,Jessica Armstrong,853-96-5084,"67961 Courtney Forge Apt. 825
Calvinhaven, LA 50244",Y,miles
857,Robert Allen,841-39-3689,"9784 Rebecca Meadow Apt. 722
Rebeccaburgh, HI 39985",Y,hours
858,Robin Hernandez,228-24-5162,"40444 Danielle Prairie
Virginiaville, ME 12164",N,hours
859,Christopher Fowler,556-14-3487,"629 Frazier Inlet
East Marcus, DE 76866",Y,miles
860,Michael Green,067-42-9281,"4658 Lisa Harbor Suite 294
North Jennifer, MD 61722",Y,hours
861,Tina Douglas,837-71-3669,"045 Mark Island Suite 267
West Marcia, ID 94242",Y,miles
862,Ashley Ferguson,601-19-1873,"63799 Ware Roads
Christopherview, AK 72468",Y,hours
863,Carmen Hensley,724-75-7138,"8548 Morrison Meadows Apt. 020
Josephborough, SC 89591",N,hours
864,Kimberly Hall,155-37-8356,"Unit 2299 Box 1334
DPO AE 69398",N,hours
865,William Clark,621-90-9491,"5215 Silva Springs Suite 056
East Carolineborough, AR 30994",N,miles
866,Michael Walker,042-59-7525,"231 Smith Lane Apt. 555
Dawsonmouth, VT 90557",Y,miles
867,Maria Morales,838-71-4404,"7912 Martha Brooks
East James, NM 23657",N,hours
868,David King,232-97-7885,"USNV Peck
FPO AE 91374",Y,hours
869,Christine Herrera,357-44-7709,"27725 Beck Prairie
Rebeccaburgh, FL 03916",Y,hours
870,Derek Welch,175-51-0398,"0901 Jared Underpass
East David, WA 16843",N,hours
871,Catherine Johnson,019-11-9958,"2125 Mark Drive
Maxwellshire, AZ 63732",Y,hours
872,Emily Glover,133-58-7546,"PSC 6793, Box 8704
APO AA 89276",N,miles
873,Danielle Lara,496-83-5903,"478 Faith Mountains Suite 311
Tracyshire, WI 23550",Y,miles
874,Brian Morris,034-30-2128,"33327 Richard Parkway Apt. 815
Patrickborough, ME 11737",Y,miles
875,Renee Roberts,629-46-2431,"411 Adams Highway
Samanthaside, CA 04021",Y,miles
876,Christopher Mendez,682-39-2510,"342 James Port Suite 329
Karastad, RI 05996",Y,miles
877,Brian Gillespie,534-88-7002,"2521 Jacqueline Mount
Frazierport, RI 10924",Y,hours
878,Phillip Dixon,774-84-1431,"99219 Fritz Courts
South Meghanhaven, FM 43240",N,miles
879,Amy Shaw,649-60-8657,"568 Erin Summit Apt. 479
Alvaradoland, MT 69419",Y,miles
880,Michael Ward,578-06-7727,"911 Robyn Islands
New Chad, MN 02995",Y,hours
881,Christopher Eaton,801-73-0381,"289 West Courts Suite 591
Adammouth, ND 55819",Y,miles
882,Jennifer Hamilton,410-67-1483,"3333 Olson Park Suite 454
Lisachester, CA 11688",Y,miles
883,Sarah Jarvis,032-38-1027,"47283 Kyle Ports
South Susan, AS 18503",Y,miles
884,Cathy Olson,208-68-9144,"8457 Smith Cliffs Apt. 269
West Rebecca, IA 83844",Y,miles
885,Stephanie Nelson,807-23-4394,"330 Suarez Drives
Harrisville, GA 49664",N,hours
886,Bryan Thompson,400-08-3434,"372 Pacheco Mill
Adrianfurt, NY 02664",N,hours
887,Ashley Hall,831-83-6352,"12587 Bryant Port
Tuckertown, NY 80283",N,miles
888,Mark Crane,641-20-9458,"281 Thompson Falls Apt. 366
Johnnyside, PA 05514",Y,hours
889,Hailey Daniel,735-88-6543,"756 Cardenas Port
Alexisland, AZ 46065",N,hours
890,Ronald Fisher,103-07-9543,"343 Victoria Gardens
West Michael, UT 86399",N,miles
891,Janet Rodriguez,708-25-0803,"101 Rivera Ford
Rodriguezbury, TX 52595",N,miles
892,Billy Moore,287-90-7637,"619 Perez Roads Suite 095
Port Michaelburgh, MT 23003",N,miles
893,Christopher Reynolds,419-90-5201,"7124 Fitzgerald Walks
North Philipville, IL 54598",N,hours
894,Carrie Walker,386-35-4886,"USNV Garcia
FPO AP 49737",N,miles
895,Katherine Smith,065-33-5498,"72376 Lester Islands
Wrightchester, NV 88531",N,hours
896,Joseph Bennett,398-23-2173,"6887 Blackwell Island Suite 910
Walkerville, VI 09511",Y,miles
897,Ashley Simon,222-05-1207,"405 Lopez Inlet
North Donald, GA 43162",Y,miles
898,Isaac Williams,798-56-3984,"7077 Khan Circles Apt. 723
Lake Stephanieburgh, MO 50080",N,hours
899,John Trujillo,677-70-2335,"Unit 3896 Box 3494
DPO AE 98672",N,miles
900,Virginia Ford,369-09-5954,"488 Jose Ways
Emilymouth, ND 04409",N,hours
901,Amber Martinez,504-36-1109,"3010 Erickson Path Apt. 176
Lake Kevinborough, TX 64334",Y,miles
902,Andrew Conrad,332-37-6801,"934 Shelley Ramp Apt. 881
Fordmouth, LA 95480",N,hours
903,Elizabeth Martinez,035-44-6689,"4622 Emily Port
New Travisberg, UT 21913",N,hours
904,Kathryn Knapp,449-69-9303,"USCGC Mitchell
FPO AA 28460",N,miles
905,Sean Allen,071-65-2893,"6946 Tate Harbors
Port Robertchester, NV 47227",Y,miles
906,Mario Sanchez,711-69-8590,"75096 Marco Tunnel Apt. 703
Nguyenview, IL 01711",N,miles
907,Jasmine Weber,874-97-4664,"6992 Black Isle
Barrettfurt, AL 67533",Y,hours
908,Ashley Griffin,407-85-5256,"9171 Michael Gardens
Guerreroberg, LA 40146",N,hours
909,Billy Hall,445-11-9544,"487 Moore Station
Franklinborough, UT 81338",Y,hours
910,Felicia Bender,885-89-2917,"2609 Kimberly Row Suite 579
Michaelton, MH 65550",Y,hours
911,Thomas Hernandez,142-15-2700,"7150 Barrett Drive
West Margaret, WV 50376",N,hours
912,Leslie Leach,840-11-0094,"39331 Owen Skyway Suite 735
Raymondburgh, PA 31617",N,hours
913,Joshua Parks,655-57-9381,"99624 Danny Drive Apt. 297
Amyfurt, MS 87465",Y,miles
914,Bradley Garcia,267-18-7171,"96924 Matthew Brooks Apt. 282
South Steven, SD 22086",Y,hours
915,Patricia Morris,111-77-7084,"11888 James Stravenue
Baldwinside, TN 02243",Y,hours
916,Andrew Rodriguez,753-64-8149,"54847 Lorraine Squares Suite 491
South Michelle, CA 29756",N,hours
917,Dan Peters,791-26-2833,"69110 Hopkins Well
Amandaton, ID 13765",Y,hours
918,April Collins,805-98-9088,"785 Cheryl Lane Apt. 146
Kevinhaven, SC 71118",Y,hours
919,Jeremy Mclaughlin,433-50-5544,"2970 Chad Ports Apt. 554
Blairmouth, KY 96354",Y,hours
920,Brandon Dean,195-96-5779,"1586 Brittany Rapid Apt. 485
Paultown, NV 91933",N,miles
921,Melinda Brown,496-62-1954,"120 Davis Corners
Lake Jennifer, OR 47716",N,miles
922,Kristina White,845-42-4436,"2396 Carol Fields
Timothyshire, MI 90465",N,miles
923,Sarah Martinez,852-57-6387,"8241 Kenneth Glen Apt. 480
New Nicholas, PW 76690",Y,hours
924,Larry Reyes,095-54-0017,"56975 Beth Drives
Martinezfurt, AK 81772",N,hours
925,Samuel Villarreal,374-52-8988,"7223 Parsons Estate
Lake James, KS 92890",Y,miles
926,Thomas Dawson,563-82-3402,"7979 Evans Cliffs Apt. 196
Lake Heather, MP 94383",Y,miles
927,Thomas Herrera,801-58-8004,"60374 Heath Courts Suite 351
Johnsonside, SC 57488",N,miles
928,Jason Mcguire,228-24-9735,"35903 Heather Throughway Suite 976
East Kelly, VT 43698",Y,hours
929,Sara Brown,070-01-9848,"PSC 9372, Box 7581
APO AP 25974",Y,hours
930,Diana Tucker,707-11-4706,"808 Brandt Cape
Jerryburgh, RI 76164",Y,miles
931,Thomas Anthony,312-79-5764,"38995 Rodney Green Apt. 629
Jasonville, NM 73443",Y,miles
932,Tommy Leon,434-61-5799,"680 Owens Glens
South Julia, PW 25277",N,miles
933,Logan Morrow,105-06-6560,"Unit 0326 Box 3151
DPO AE 76839",N,hours
934,Alexis Parker,079-03-5531,"637 Bennett Rapid Suite 336
East Jacob, AK 17864",Y,hours
935,Melissa Ward,144-68-3661,"480 Arthur Walk Suite 703
New Samantha, DC 73271",Y,hours
936,Karen Zuniga,742-44-2053,"6350 Keith Center
North Maryton, IA 34910",Y,miles
937,Amy Todd,125-98-1873,"87398 James Glen
Daltonshire, CO 43353",Y,miles
938,Justin Mcgrath,286-17-1383,"USCGC Ramos
FPO AE 21157",N,miles
939,Derek Morgan,897-86-0258,"044 Bolton Drive
Lake Andrewmouth, PW 82185",N,miles
940,Catherine Cabrera,824-55-2902,"2554 Gonzalez Mountains
Rodriguezburgh, PW 22924",Y,hours
941,Warren Ramirez,056-85-8757,"94622 Michael Fords
Tracytown, HI 65489",N,miles
942,Anita Brewer,504-70-4680,"Unit 0137 Box 9883
DPO AE 88035",N,hours
943,Tiffany Golden,012-94-6052,"7907 Andrew Valley
New Kevinside, TN 86503",N,miles
944,Shannon Thomas,416-39-1047,"128 Candice Valley Apt. 063
East Kimberly, ID 54304",N,miles
945,John Buckley,519-16-9521,"524 Stephanie Roads
Williamborough, KS 14250",Y,hours
946,Andrew Christensen,872-77-0351,"25183 Sherri Valleys Suite 297
Luisfort, LA 81055",N,miles
947,Jordan Cooper,837-81-0034,"Unit 1991 Box 2079
DPO AE 85530",Y,hours
948,Ann Dixon,119-17-9235,"Unit 8198 Box 5384
DPO AA 84289",Y,hours
949,Mark Flores,275-82-1123,"2230 Daniel Corners
East Andrew, TX 00643",N,miles
950,Tyler Ramsey,157-36-4871,"81562 James Port Apt. 779
North Francesport, OK 07739",Y,miles
951,Scott Sullivan,481-37-7285,"4048 Lewis Place Apt. 287
Valenzuelahaven, WY 68785",N,miles
952,Kimberly Hubbard,411-08-8190,"12852 Blake Ridge Suite 225
South Timothy, MO 98838",N,hours
953,Dakota Mendoza,216-05-4103,"69654 Gentry Freeway Apt. 650
Tonyfort, WY 25176",Y,miles
954,Sarah Lee,773-77-4843,"6332 Williams Passage
Moorefort, OK 68312",Y,miles
955,Patricia Allen,761-26-7661,"6928 Ward Curve
Lake Stephanie, MA 21729",N,hours
956,Rodney Jones,247-74-7347,"154 Patterson Ville
Port Allison, VT 80895",N,hours
957,Katherine Hall,426-44-5441,"1683 Victoria Grove Suite 983
Lake Christine, MS 97093",N,miles
958,Dylan Carr,425-18-3100,"736 Cole Extensions Suite 345
West Frederick, HI 51427",Y,miles
959,Rachel Thompson,739-25-1473,"135 Jimenez Estate Apt. 229
Schmittstad, KY 10249",N,hours
960,Sheila Nunez,726-81-6883,"418 John Villages Suite 550
Port Kimberlyburgh, HI 36664",N,miles
961,Timothy Long,667-26-0897,"Unit 0372 Box 4632
DPO AE 34404",N,hours
962,Scott Adams,010-18-0431,"651 Martinez Divide
Christophertown, RI 93049",N,miles
963,Patricia Edwards,632-43-3388,"57319 Emily Light
Port Daniel, GU 51433",Y,hours
964,Michael Fernandez,111-49-5703,"036 Davis Manors
Port Brianland, NY 99609",Y,miles
965,Ross Torres,107-67-5949,"893 Claire Centers Apt. 135
South Sydneyhaven, MD 28617",Y,hours
966,Michelle Reed,228-85-8276,"33965 Gail Mission
Lake Manuel, MT 82223",N,hours
967,Kelsey Garcia,338-48-7455,"83211 Jeffrey Station Suite 421
Port Edwardfurt, IL 78698",N,hours
968,Peter Martinez,809-70-5431,"96074 Katherine Ridges Suite 994
South Sarah, TX 60546",Y,hours
969,Walter Roy,811-51-0130,"Unit 3556 Box 2206
DPO AE 80706",N,miles
970,William Payne,704-90-1592,"662 Hoover Burg
Matthewland, GU 62510",Y,hours
971,Susan Sanchez,719-21-7375,"281 Jeremy Bridge Apt. 769
East Cassandra, NY 21690",N,miles
972,Dana Lee,864-47-1190,"Unit 9822 Box 4449
DPO AP 39118",N,miles
973,Mark Vance,588-51-4639,"5698 Avila Key
Lake Johnmouth, IN 90152",N,hours
974,Lisa Miller,044-46-3901,"0700 Torres Courts
Frederickmouth, MN 91070",Y,hours
975,Stephanie Hawkins,007-39-7598,"849 Vaughn Station Apt. 525
Lake Bryan, NC 70275",Y,hours
976,Paul Johnson,612-72-0006,"USNS Mcgee
FPO AE 08501",Y,hours
977,Scott Boone,166-31-9088,"90117 Anne Hollow
East Robin, SD 11642",Y,hours
978,Joshua Hunt,459-73-6039,"53563 Jonathan Loaf Apt. 632
Anitabury, DE 02278",N,hours
979,Vanessa Morrow DVM,115-91-9505,"29807 James Cove
Davidview, DE 83290",N,hours
980,Sandra Jones,474-57-5782,"1718 Adriana Greens
West Michael, ND 59112",Y,miles
981,Courtney Anderson,786-37-1236,"77392 Lindsey Place Suite 161
Johnsonview, PA 77744",N,hours
982,Joshua Thompson,288-34-8792,"502 Daniel Fall
Hughesland, AL 75379",Y,hours
983,Brittany Miller,786-83-5895,"2684 Joshua Neck Suite 084
New Mary, CT 54331",N,hours
984,John Mitchell,427-80-3340,"400 Hooper Fort
Fordstad, VI 13025",Y,hours
985,Haley Villarreal,398-93-6792,"2719 Michelle Burg
West Roy, PA 21633",Y,hours
986,Jennifer Clayton,785-35-4033,"776 Yates Forge Apt. 364
Cummingsside, SD 86269",Y,miles
987,Anthony Larson,441-40-4956,"462 Ryan Inlet Suite 556
East Teresaburgh, MD 40998",Y,miles
988,James English,682-39-0821,"USCGC Davis
FPO AE 60050",N,miles
989,Melissa Skinner,219-35-6620,"949 Johnson Port Suite 630
Lake Tanyabury, MI 10450",N,hours
990,Brian Nunez,304-80-1568,"7208 Rebecca Villages
Port John, MH 32902",N,hours
991,Sarah Sandoval PhD,742-51-5618,"7460 Jose Club
Reynoldsmouth, VA 16203",Y,miles
992,Philip Gray,058-59-9670,"65761 Nicole Garden Suite 923
New Chelsea, VT 24404",Y,hours
993,Brian Nelson,187-75-8721,"945 Gonzales Wall Apt. 264
East Robert, VI 86751",N,hours
994,Jesse Smith,188-55-8890,"497 Hubbard Street
Gonzalesmouth, IL 60503",Y,miles
995,Joan Alexander,624-43-4058,"PSC 6109, Box 1143
APO AE 27286",N,miles
996,Bobby Patrick,884-36-0858,"8394 Jennifer Fort
New Veronica, MT 02528",Y,miles
997,Kathryn Hudson,547-81-1164,"81038 Alexandria Parkways
Olsonbury, GA 74959",N,hours
998,Sean Beck,292-39-1070,"4444 Robert Prairie Suite 327
East Danielberg, NV 00596",N,miles
999,Alice Wilkinson,563-45-0074,"USS Foster
FPO AE 66661",N,hours
1000,Walter Parker,484-70-4534,"Unit 2214 Box 4113
DPO AA 26633",Y,miles
1001,Karen Benjamin,756-35-2029,"048 Ryan Greens Apt. 703
Dustinshire, MT 23164",Y,miles
1002,Julia Smith,487-41-3328,"Unit 7125 Box 8181
DPO AE 89323",N,miles
1003,Mark George,289-23-0050,"458 Rose Ville
Port Amandaside, AL 54773",N,hours
1004,Melissa Clark,624-35-9803,"969 Vanessa Glen
Lake Michele, NH 74261",Y,miles
1005,Susan Castillo,788-54-0912,"0617 Dawson Camp
Stephanieport, IN 67112",N,miles
1006,Kenneth Owens,811-90-3353,"113 Goodman Groves Apt. 138
New William, VI 29163",N,miles
1007,Rachel Conner,546-96-8562,"2910 Rivera Valleys Suite 993
Sullivanville, GU 22201",N,hours
1008,Thomas Patton,778-90-6376,"949 Martinez Dale
Allenmouth, OK 22603",Y,hours
1009,Jonathan Smith,833-14-1982,"1245 Todd Mountains
Port Brian, WV 03946",Y,hours
